,MS Zoning,Lot Area,Utilities,Bldg Type,Neighborhood,Overall Qual,Year Remod/Add,Exter Qual,Bsmt Qual,Total Bsmt SF,Heating QC,1st Flr SF,2nd Flr SF,Bsmt Full Bath + Full Bath,Kitchen Qual,Functional,Garage Area,Garage Qual,Pool Area,SalePrice
0,RL,8238,AllPub,1Fam,Gilbert,6,1998,TA,TA,813.0,Ex,813,712,3.0,TA,Typ,400.0,TA,0,183500
1,RM,6240,AllPub,1Fam,BrkSide,5,1992,TA,TA,1078.0,TA,1128,445,2.0,TA,Typ,360.0,TA,0,162900
2,RL,13688,AllPub,1Fam,NridgHt,9,2004,Gd,Ex,1572.0,Ex,1572,1096,3.0,Ex,Typ,726.0,TA,0,412500
3,RL,7936,AllPub,1Fam,NAmes,6,1963,TA,TA,1045.0,TA,1045,0,2.0,TA,Typ,264.0,TA,0,127000
4,RM,9863,AllPub,1Fam,OldTown,6,1950,TA,TA,728.0,TA,914,728,1.0,TA,Typ,374.0,TA,0,145000
5,RL,7844,AllPub,1Fam,Sawyer,6,1978,TA,TA,672.0,TA,672,728,1.0,TA,Typ,440.0,TA,0,149500
6,RL,11235,AllPub,1Fam,Sawyer,5,1963,TA,Gd,981.0,TA,1075,0,2.0,Gd,Typ,440.0,TA,0,148000
7,RL,3136,AllPub,TwnhsE,NridgHt,7,2003,Gd,Gd,1405.0,Ex,1405,0,2.0,Gd,Typ,478.0,TA,0,171750
8,RL,9724,AllPub,1Fam,NAmes,5,2002,Gd,TA,1140.0,Gd,1929,532,2.0,TA,Min2,400.0,TA,0,197600
9,RL,13728,AllPub,1Fam,Edwards,6,1986,TA,TA,1127.0,Ex,1236,872,2.0,Gd,Typ,540.0,TA,0,235000
10,RM,6000,AllPub,1Fam,OldTown,5,1950,TA,TA,789.0,Ex,789,0,1.0,TA,Typ,250.0,TA,0,115000
11,RM,10440,AllPub,1Fam,OldTown,5,2002,TA,TA,650.0,Gd,958,581,2.0,Gd,Typ,686.0,Gd,0,157500
12,RL,7200,AllPub,1Fam,OldTown,6,1950,TA,TA,663.0,Ex,774,821,2.0,TA,Typ,528.0,TA,0,155500
13,RL,6305,AllPub,1Fam,Edwards,6,1975,TA,TA,1008.0,TA,1096,0,2.0,TA,Typ,352.0,TA,0,125200
14,RL,10750,AllPub,1Fam,NoRidge,8,1995,Gd,Gd,2024.0,Ex,2063,0,3.0,Gd,Typ,815.0,TA,0,315000
15,RM,8239,AllPub,1Fam,OldTown,5,1962,TA,TA,1008.0,TA,1060,185,1.0,TA,Typ,315.0,TA,0,100000
16,RL,13587,AllPub,2fmCon,NAmes,5,1958,TA,TA,988.0,TA,988,0,2.0,TA,Typ,264.0,TA,0,119000
17,RL,8773,AllPub,1Fam,Gilbert,6,1997,TA,Gd,916.0,Gd,916,684,2.0,TA,Typ,460.0,TA,0,169000
18,RL,11200,AllPub,1Fam,Edwards,5,1964,TA,TA,1250.0,Ex,1298,0,2.0,TA,Typ,504.0,TA,0,114000
19,RL,13159,AllPub,1Fam,Timber,7,2009,TA,Ex,846.0,Gd,846,846,2.0,Gd,Typ,650.0,TA,0,224500
20,RM,5000,AllPub,1Fam,OldTown,5,1950,TA,TA,540.0,Gd,889,551,1.0,TA,Typ,352.0,Fa,0,79000
21,RL,14364,AllPub,1Fam,SawyerW,7,1989,Gd,Gd,1157.0,Ex,1180,882,3.0,TA,Typ,454.0,TA,0,277000
22,RL,11762,AllPub,1Fam,NoRidge,8,1993,Gd,Ex,1105.0,Ex,1105,1097,3.0,Gd,Typ,517.0,TA,0,263000
23,FV,10625,AllPub,1Fam,Somerst,7,2005,Gd,Gd,1026.0,Ex,1026,932,2.0,Gd,Typ,936.0,TA,0,250000
24,RL,9135,AllPub,1Fam,CollgCr,7,2003,Gd,Gd,1536.0,Ex,1536,0,3.0,Gd,Typ,532.0,TA,0,214000
25,RL,70761,AllPub,1Fam,ClearCr,7,1975,TA,Gd,1533.0,TA,1533,0,3.0,Gd,Typ,576.0,TA,0,280000
26,RL,10456,AllPub,1Fam,NWAmes,6,1967,TA,TA,1829.0,Gd,1829,0,3.0,TA,Typ,535.0,TA,0,218500
27,RL,10984,AllPub,1Fam,CollgCr,7,2006,Gd,Gd,945.0,Ex,945,864,2.0,Gd,Typ,638.0,TA,0,209700
28,RL,8450,AllPub,1Fam,SawyerW,6,2001,Gd,Gd,827.0,Ex,827,850,3.0,Gd,Typ,627.0,TA,0,190500
29,RL,17199,AllPub,1Fam,NAmes,4,1961,TA,TA,914.0,Ex,914,0,1.0,TA,Typ,270.0,Fa,0,128000
30,RL,16012,AllPub,1Fam,Edwards,4,1968,TA,TA,954.0,Ex,1482,0,2.0,TA,Min1,609.0,TA,0,125000
31,RL,9000,AllPub,Duplex,NAmes,5,1974,TA,Gd,896.0,TA,896,896,2.0,TA,Typ,480.0,TA,0,133000
32,RL,8856,AllPub,1Fam,NAmes,5,1957,TA,TA,1176.0,TA,1176,0,2.0,TA,Typ,292.0,TA,0,136500
33,RL,9858,AllPub,1Fam,Mitchel,5,1968,TA,TA,864.0,TA,874,0,2.0,TA,Typ,288.0,TA,0,130000
34,RL,19645,AllPub,1Fam,Crawfor,7,2007,TA,Gd,423.0,Ex,896,756,3.0,Gd,Typ,473.0,TA,0,203135
35,RL,5000,AllPub,1Fam,BrkSide,1,1950,Fa,,0.0,Fa,334,0,1.0,Fa,Typ,0.0,,0,39300
36,RL,20000,AllPub,1Fam,Mitchel,5,1996,TA,TA,1224.0,Ex,1224,0,2.0,TA,Typ,576.0,TA,0,131000
37,RM,6000,AllPub,1Fam,IDOTRR,6,2006,TA,Fa,720.0,Gd,760,330,1.0,TA,Typ,240.0,TA,0,120000
38,RL,11428,AllPub,1Fam,NridgHt,8,2006,Gd,Gd,1626.0,Ex,1634,0,2.0,Gd,Typ,866.0,TA,0,250000
39,RL,6012,AllPub,Duplex,Edwards,4,1955,TA,,0.0,TA,1152,0,2.0,TA,Typ,0.0,,0,82000
40,RM,2665,AllPub,TwnhsE,MeadowV,5,1977,TA,Gd,264.0,TA,616,688,1.0,TA,Typ,336.0,TA,0,104500
41,RL,13053,AllPub,1Fam,BrkSide,6,2000,TA,TA,833.0,Gd,1053,795,1.0,Gd,Typ,370.0,TA,0,207000
42,RL,9525,AllPub,1Fam,Edwards,6,1953,TA,TA,1000.0,TA,1068,541,1.0,TA,Typ,305.0,Fa,0,149900
43,RL,8000,AllPub,1Fam,NWAmes,6,1974,TA,TA,1084.0,TA,1084,793,3.0,TA,Typ,488.0,TA,0,178900
44,RM,6120,AllPub,1Fam,BrkSide,5,1950,TA,TA,927.0,TA,1067,472,1.0,TA,Typ,576.0,TA,0,141500
45,RM,8198,AllPub,TwnhsE,NridgHt,7,2004,Gd,Gd,1358.0,Ex,1358,0,3.0,Gd,Typ,484.0,TA,0,207000
46,RL,12822,AllPub,1Fam,Mitchel,7,2003,Gd,Ex,1434.0,Ex,1518,631,2.0,Gd,Typ,670.0,TA,0,239686
47,RL,5330,AllPub,TwnhsE,StoneBr,8,2000,Gd,Gd,1494.0,Ex,1652,0,3.0,Ex,Typ,499.0,TA,0,251000
48,RL,23595,AllPub,1Fam,ClearCr,7,1979,Gd,Gd,1332.0,TA,1332,192,2.0,Gd,Typ,586.0,TA,0,260000
49,RL,11146,AllPub,1Fam,NridgHt,8,2006,Gd,Ex,1709.0,Ex,1717,0,2.0,Gd,Typ,908.0,TA,0,255500
50,RL,36500,AllPub,1Fam,ClearCr,5,1964,TA,TA,1624.0,Fa,1582,0,2.0,TA,Typ,390.0,TA,0,190000
51,RL,8816,AllPub,1Fam,Sawyer,5,1963,TA,TA,1121.0,TA,1121,0,2.0,TA,Typ,480.0,TA,0,139000
52,RL,13568,AllPub,1Fam,CollgCr,5,1995,TA,Gd,990.0,Ex,990,0,1.0,TA,Typ,576.0,TA,0,156000
53,RL,6191,AllPub,1Fam,SWISU,5,1950,TA,Fa,824.0,TA,824,464,1.0,TA,Typ,240.0,TA,0,112000
54,RL,15295,AllPub,1Fam,CollgCr,7,2002,Gd,Gd,860.0,Ex,1212,780,3.0,Gd,Min2,608.0,TA,0,211000
55,RM,13500,AllPub,1Fam,OldTown,7,1987,TA,TA,819.0,TA,1312,1142,2.0,TA,Typ,576.0,TA,0,185000
56,RL,11645,AllPub,1Fam,CollgCr,8,2006,Gd,Ex,1498.0,Ex,1498,0,2.0,Gd,Typ,844.0,TA,0,237000
57,RL,9600,AllPub,1Fam,NAmes,5,1951,TA,TA,1056.0,Ex,1216,0,2.0,TA,Typ,280.0,TA,0,135000
58,RL,8450,AllPub,2fmCon,Sawyer,5,1968,TA,TA,890.0,Gd,890,0,2.0,TA,Typ,308.0,TA,0,115000
59,RL,8012,AllPub,TwnhsE,SawyerW,6,1980,TA,TA,630.0,Ex,630,636,1.0,TA,Typ,283.0,TA,0,128000
60,RL,9350,AllPub,1Fam,NAmes,5,1964,TA,TA,720.0,Gd,720,720,1.0,TA,Typ,480.0,TA,0,157500
61,RL,17541,AllPub,1Fam,Edwards,5,2005,TA,TA,409.0,Ex,1325,0,2.0,Gd,Typ,576.0,TA,0,216000
62,RM,2592,AllPub,TwnhsE,MeadowV,5,1976,TA,Gd,536.0,TA,536,576,1.0,TA,Typ,336.0,TA,0,85000
63,RL,11080,AllPub,1Fam,Mitchel,6,1975,TA,TA,1128.0,TA,1210,0,3.0,TA,Typ,528.0,TA,0,148000
64,RM,8635,AllPub,1Fam,BrkSide,5,2001,TA,TA,672.0,TA,1072,213,2.0,TA,Min1,240.0,TA,0,127000
65,RM,6000,AllPub,1Fam,BrkSide,6,1950,TA,TA,862.0,TA,950,208,1.0,TA,Typ,208.0,TA,0,120000
66,RL,9453,AllPub,1Fam,SawyerW,7,2003,Gd,Gd,996.0,Ex,1014,730,2.0,Gd,Typ,457.0,TA,0,194500
67,RL,9723,AllPub,1Fam,NAmes,6,1963,TA,TA,1008.0,TA,1008,0,1.0,TA,Typ,430.0,TA,0,135000
68,RL,8760,AllPub,1Fam,CollgCr,8,2006,Gd,Gd,1489.0,Ex,1500,0,2.0,Gd,Typ,674.0,TA,0,212999
69,FV,7379,AllPub,1Fam,Somerst,8,2000,Gd,Gd,975.0,Ex,975,873,3.0,Gd,Typ,592.0,TA,0,254000
70,RM,8520,AllPub,1Fam,OldTown,5,2006,Gd,TA,968.0,TA,968,0,1.0,TA,Typ,480.0,Fa,0,100000
71,RL,10960,AllPub,1Fam,NWAmes,6,1984,TA,Gd,1284.0,TA,1284,0,3.0,TA,Typ,480.0,TA,0,174000
72,RM,6120,AllPub,1Fam,OldTown,6,1950,TA,Fa,1124.0,TA,1068,0,2.0,TA,Typ,288.0,TA,0,109500
73,RM,8094,AllPub,1Fam,OldTown,6,1950,TA,TA,1048.0,Gd,1048,720,2.0,TA,Typ,576.0,Fa,0,155000
74,RL,8738,AllPub,1Fam,Gilbert,7,1999,Gd,Gd,975.0,Ex,1005,1286,2.0,Gd,Typ,429.0,TA,0,230000
75,RL,13070,AllPub,1Fam,NAmes,5,1951,TA,TA,631.0,TA,1112,0,1.0,TA,Typ,480.0,TA,0,126000
76,RL,12436,AllPub,Duplex,NAmes,5,1957,TA,TA,1824.0,Fa,1824,0,2.0,TA,Typ,484.0,TA,0,146000
77,RL,7700,AllPub,Duplex,Mitchel,5,1986,TA,TA,1216.0,Gd,1216,1216,4.0,TA,Typ,616.0,TA,0,159000
78,RM,8765,AllPub,1Fam,IDOTRR,4,1950,TA,TA,951.0,Ex,951,0,1.0,TA,Typ,327.0,TA,0,106500
79,RL,7441,AllPub,1Fam,SawyerW,7,2006,Gd,Gd,1461.0,Ex,1486,0,2.0,Gd,Typ,566.0,TA,0,181000
80,RL,8098,AllPub,1Fam,Timber,6,2000,Gd,Gd,1381.0,Ex,1403,0,3.0,Gd,Typ,470.0,TA,0,202000
81,RL,6979,AllPub,Duplex,OldTown,6,1980,TA,TA,1056.0,Gd,1056,0,2.0,TA,Typ,576.0,TA,0,144000
82,FV,3215,AllPub,TwnhsE,Somerst,7,2004,Gd,Gd,600.0,Ex,600,600,2.0,Gd,Typ,480.0,TA,0,155000
83,RL,11040,AllPub,1Fam,NWAmes,6,2004,Gd,TA,1258.0,Ex,1258,0,2.0,Gd,Typ,528.0,TA,0,145000
84,RM,1879,AllPub,Twnhs,Blueste,6,1980,TA,Gd,516.0,TA,516,516,1.0,TA,Typ,462.0,TA,0,116500
85,RL,9591,AllPub,1Fam,NridgHt,8,2005,Gd,Ex,1143.0,Ex,1143,1330,2.0,Gd,Typ,852.0,TA,0,317000
86,RL,8064,AllPub,1Fam,NAmes,6,1994,TA,TA,864.0,TA,1064,0,1.0,TA,Typ,576.0,TA,0,135000
87,RL,11825,AllPub,1Fam,NridgHt,8,2007,Gd,Ex,1694.0,Ex,1694,0,2.0,Gd,Typ,856.0,TA,0,322400
88,RL,8849,AllPub,TwnhsE,NridgHt,9,2005,Ex,Ex,1684.0,Ex,1684,0,2.0,Ex,Typ,564.0,TA,0,266000
89,RL,16659,AllPub,1Fam,NridgHt,8,2008,Gd,Gd,1582.0,Ex,1582,570,2.0,Gd,Typ,728.0,TA,0,260116
90,RL,11492,AllPub,1Fam,SawyerW,7,1997,Gd,Gd,913.0,Ex,913,1209,3.0,Gd,Typ,559.0,TA,0,220000
91,RL,2364,AllPub,TwnhsE,NPkVill,6,1978,TA,Gd,804.0,TA,804,744,2.0,TA,Typ,440.0,TA,0,147000
92,RL,10410,AllPub,1Fam,OldTown,5,1987,TA,Fa,660.0,Ex,808,704,2.0,TA,Min2,180.0,Fa,0,135000
93,RM,6451,AllPub,1Fam,OldTown,7,1970,TA,TA,712.0,Gd,848,580,2.0,TA,Typ,576.0,TA,0,139900
94,RL,7415,AllPub,1Fam,Gilbert,6,2004,TA,TA,839.0,Ex,864,729,3.0,TA,Typ,398.0,TA,0,193000
95,RL,11218,AllPub,1Fam,SawyerW,6,1992,Gd,Gd,1055.0,Ex,1055,790,2.0,Gd,Typ,462.0,TA,0,189000
96,RL,8480,AllPub,1Fam,NAmes,5,1950,TA,TA,832.0,TA,832,384,1.0,TA,Typ,336.0,TA,0,118500
97,FV,3180,AllPub,TwnhsE,Somerst,6,2005,Gd,Gd,600.0,Ex,600,600,3.0,Gd,Typ,480.0,TA,0,165000
98,RL,14333,AllPub,1Fam,NridgHt,8,2007,Gd,Gd,2108.0,Ex,2122,0,3.0,Gd,Typ,938.0,TA,0,345474
99,RM,3600,AllPub,1Fam,OldTown,5,2005,TA,TA,687.0,Gd,687,671,1.0,Gd,Typ,336.0,TA,0,124500
100,RL,10012,AllPub,1Fam,Edwards,4,1972,TA,Gd,1138.0,TA,1181,0,3.0,TA,Typ,588.0,TA,0,137500
101,RL,14311,AllPub,1Fam,NWAmes,8,1996,Gd,Gd,1236.0,Ex,1236,1104,3.0,Gd,Typ,787.0,TA,0,306000
102,RM,5870,AllPub,1Fam,BrkSide,6,2000,TA,TA,554.0,Ex,736,554,1.0,TA,Typ,200.0,Fa,0,106900
103,RL,9246,AllPub,Duplex,NWAmes,5,1973,TA,TA,1656.0,TA,1656,0,2.0,TA,Typ,506.0,TA,0,135000
104,RL,13265,AllPub,1Fam,Mitchel,8,2002,Gd,Gd,1568.0,Ex,1689,0,3.0,Gd,Typ,857.0,TA,0,271000
105,RL,6960,AllPub,1Fam,NAmes,4,1970,TA,TA,864.0,TA,864,0,1.0,Gd,Typ,660.0,TA,0,120500
106,RL,10800,AllPub,1Fam,NAmes,5,1960,TA,TA,1248.0,Ex,1248,0,2.0,TA,Typ,286.0,TA,0,151500
107,RM,1894,AllPub,TwnhsE,MeadowV,4,1970,TA,TA,546.0,TA,546,546,1.0,TA,Typ,286.0,TA,0,71000
108,RM,6780,AllPub,2fmCon,IDOTRR,6,1982,TA,TA,520.0,Gd,520,0,2.0,TA,Typ,0.0,,0,84500
109,RL,9675,AllPub,1Fam,Somerst,7,2005,Gd,Gd,1113.0,Ex,1113,858,2.0,Gd,Typ,689.0,TA,0,253000
110,RL,57200,AllPub,1Fam,Timber,5,1950,TA,TA,747.0,TA,1687,0,2.0,TA,Min1,572.0,TA,0,160000
111,RL,10659,AllPub,1Fam,NAmes,5,1961,TA,TA,1050.0,TA,1050,0,2.0,TA,Typ,368.0,TA,0,136500
112,RL,8400,AllPub,1Fam,SWISU,2,1950,TA,TA,290.0,TA,438,0,1.0,Fa,Typ,246.0,TA,0,60000
113,RL,6845,AllPub,Duplex,Edwards,4,1955,TA,,0.0,TA,1152,0,2.0,TA,Typ,0.0,,0,82500
114,RL,8000,AllPub,1Fam,NAmes,5,1960,TA,TA,1377.0,TA,1377,0,2.0,TA,Typ,351.0,TA,0,156500
115,RL,8969,AllPub,1Fam,Crawfor,6,1950,TA,TA,644.0,Ex,672,644,2.0,TA,Typ,369.0,TA,0,145000
116,RL,11375,AllPub,1Fam,Sawyer,6,1995,TA,TA,967.0,TA,1299,0,1.0,Gd,Typ,494.0,TA,0,150000
117,RL,3760,AllPub,Twnhs,Greens,8,1980,Gd,Gd,1235.0,Gd,1235,0,2.0,TA,Typ,484.0,TA,0,214000
118,RM,5100,AllPub,1Fam,OldTown,8,1996,TA,TA,588.0,Fa,833,833,1.0,Gd,Typ,228.0,TA,0,161000
119,RL,7777,AllPub,1Fam,Timber,6,1996,Gd,Ex,1491.0,Ex,1491,0,2.0,TA,Typ,571.0,TA,0,178000
120,RL,11841,AllPub,Duplex,Edwards,6,1990,TA,Gd,816.0,TA,816,0,2.0,TA,Typ,0.0,,0,118500
121,RL,10261,AllPub,1Fam,Gilbert,6,2000,TA,Gd,936.0,Ex,962,830,3.0,TA,Typ,451.0,TA,0,186500
122,RL,15635,AllPub,1Fam,Edwards,4,1954,TA,,0.0,TA,1383,0,1.0,TA,Mod,498.0,Fa,0,122000
123,RL,12444,AllPub,1Fam,NridgHt,8,2008,Ex,Ex,1932.0,Ex,1932,0,3.0,Ex,Typ,774.0,TA,0,394617
124,RL,9600,AllPub,1Fam,NWAmes,5,1969,TA,Gd,1288.0,TA,1336,0,2.0,TA,Typ,502.0,TA,0,163000
125,RL,8000,AllPub,Duplex,NAmes,5,1961,TA,TA,1800.0,Ex,1800,0,2.0,TA,Typ,0.0,,0,141000
126,RL,11422,AllPub,1Fam,CollgCr,8,2008,Gd,Ex,1838.0,Ex,1838,0,3.0,Gd,Typ,524.0,TA,0,272500
127,FV,5105,AllPub,TwnhsE,Somerst,7,2004,Gd,Gd,551.0,Ex,551,551,2.0,Gd,Typ,480.0,TA,0,148800
128,RL,8685,AllPub,1Fam,CollgCr,7,1998,TA,Gd,1425.0,Ex,1425,0,3.0,TA,Typ,591.0,TA,0,193000
129,RL,9364,AllPub,1Fam,Sawyer,6,1969,TA,TA,663.0,TA,663,689,1.0,TA,Typ,299.0,TA,0,158000
130,RL,9150,AllPub,1Fam,NAmes,6,1962,TA,Gd,1099.0,Gd,1431,0,1.0,TA,Typ,296.0,TA,0,165000
131,RM,4500,AllPub,TwnhsE,Mitchel,6,1998,TA,Ex,1237.0,Ex,1337,0,3.0,TA,Typ,405.0,TA,0,153500
132,RL,10200,AllPub,1Fam,CollgCr,8,2007,Gd,Gd,1578.0,Ex,1602,0,3.0,Gd,Typ,810.0,TA,0,293200
133,RL,14230,AllPub,1Fam,NridgHt,8,2007,Gd,Gd,1566.0,Ex,1600,0,2.0,Gd,Typ,890.0,TA,0,256300
134,RM,4456,AllPub,2fmCon,OldTown,4,2008,TA,TA,736.0,Gd,736,716,2.0,TA,Typ,0.0,,0,113000
135,RL,10800,AllPub,1Fam,OldTown,5,1950,TA,TA,1120.0,Ex,1130,0,2.0,TA,Typ,720.0,TA,0,120000
136,RL,19690,AllPub,1Fam,Edwards,6,1966,Gd,Gd,697.0,TA,1575,626,2.0,Gd,Typ,432.0,Gd,738,274970
137,RL,10573,AllPub,1Fam,NAmes,6,1961,TA,TA,1453.0,Ex,1453,0,3.0,TA,Typ,530.0,TA,0,187500
138,RL,12198,AllPub,1Fam,NAmes,5,1975,TA,TA,1204.0,TA,1411,0,1.0,TA,Typ,310.0,TA,0,130000
139,RL,8731,AllPub,1Fam,BrkSide,5,1950,TA,TA,915.0,TA,1167,0,1.0,TA,Maj1,495.0,TA,0,144000
140,RL,20355,AllPub,1Fam,ClearCr,7,1967,TA,Gd,1865.0,TA,1830,0,2.0,TA,Typ,521.0,TA,0,278000
141,RL,8749,AllPub,1Fam,CollgCr,7,2003,Gd,Gd,979.0,Ex,992,940,3.0,Gd,Typ,610.0,TA,0,213000
142,RL,8749,AllPub,1Fam,CollgCr,7,2002,Gd,Gd,1459.0,Ex,1459,0,2.0,Gd,Typ,527.0,TA,0,192000
143,RL,9473,AllPub,1Fam,CollgCr,8,2002,Gd,Gd,1128.0,Ex,1128,903,3.0,Gd,Typ,577.0,TA,0,237000
144,RL,19508,AllPub,1Fam,Veenker,6,1974,TA,TA,1430.0,TA,1430,0,2.0,TA,Typ,484.0,TA,0,192000
145,RL,7100,AllPub,1Fam,NAmes,5,1957,TA,TA,816.0,TA,816,0,2.0,TA,Typ,308.0,TA,0,129900
146,RL,10616,AllPub,1Fam,CollgCr,7,2007,Gd,Gd,628.0,Ex,628,728,2.0,Gd,Typ,484.0,TA,0,177439
147,RL,12168,AllPub,1Fam,Crawfor,8,1998,TA,Gd,965.0,TA,1940,1254,2.0,TA,Typ,380.0,TA,0,359100
148,RL,8197,AllPub,1Fam,NAmes,7,2009,Gd,Gd,1480.0,Ex,1480,0,3.0,Gd,Typ,620.0,TA,0,214000
149,RL,18800,AllPub,1Fam,NWAmes,6,1976,TA,Gd,796.0,TA,790,784,3.0,TA,Typ,566.0,TA,0,190000
150,RL,8550,AllPub,1Fam,BrkSide,5,1950,TA,Fa,750.0,TA,960,356,1.0,TA,Typ,576.0,TA,0,90000
151,RL,9600,AllPub,1Fam,NAmes,5,1967,TA,TA,1141.0,Gd,1141,0,2.0,TA,Typ,568.0,TA,0,158000
152,RL,8366,AllPub,1Fam,SawyerW,6,2004,Gd,Gd,798.0,Ex,798,842,2.0,Gd,Typ,520.0,TA,0,173000
153,RL,11883,AllPub,1Fam,CollgCr,7,1996,Gd,Gd,1504.0,Ex,1504,0,3.0,Gd,Typ,478.0,TA,0,203000
154,RL,8658,AllPub,1Fam,NAmes,6,1965,TA,TA,1088.0,Ex,1324,0,2.0,TA,Typ,440.0,TA,0,160000
155,RL,7742,AllPub,1Fam,Sawyer,5,1966,TA,TA,955.0,Ex,955,0,2.0,TA,Typ,386.0,TA,0,127000
156,RL,14115,AllPub,1Fam,Mitchel,5,1995,TA,Gd,796.0,Ex,796,566,2.0,TA,Typ,480.0,TA,0,143000
157,RL,9084,AllPub,1Fam,Edwards,4,1950,TA,TA,755.0,TA,755,755,2.0,TA,Typ,296.0,Fa,0,108000
158,RL,15611,AllPub,1Fam,CollgCr,8,2006,Gd,Gd,1079.0,Ex,1079,840,2.0,Gd,Typ,685.0,Gd,0,233230
159,RL,11600,AllPub,1Fam,Crawfor,4,1950,TA,Fa,700.0,Ex,1180,0,1.0,Fa,Typ,252.0,TA,0,137500
160,RL,10574,AllPub,1Fam,NridgHt,8,2004,Gd,Ex,1148.0,Ex,1170,1162,3.0,Ex,Typ,756.0,TA,0,316000
161,RL,11700,AllPub,1Fam,NWAmes,6,1968,TA,Gd,1295.0,Fa,1295,0,2.0,TA,Typ,528.0,TA,0,164000
162,RL,8780,AllPub,1Fam,Mitchel,5,1985,TA,TA,833.0,Ex,833,0,2.0,TA,Typ,0.0,,0,112000
163,RL,8910,AllPub,1Fam,NAmes,6,1959,TA,TA,655.0,Ex,1194,0,1.0,TA,Typ,539.0,TA,0,159500
164,RL,8405,AllPub,1Fam,Edwards,4,1950,TA,,0.0,TA,1088,441,2.0,TA,Mod,240.0,TA,0,98000
165,FV,7321,AllPub,1Fam,Somerst,7,2000,Gd,Gd,1339.0,Ex,1358,0,2.0,Gd,Typ,625.0,TA,0,204000
166,RL,11134,AllPub,1Fam,NoRidge,8,1993,Gd,Gd,1390.0,Ex,1402,823,3.0,Gd,Typ,713.0,TA,0,285000
167,C (all),7200,AllPub,2fmCon,OldTown,6,1998,TA,TA,1214.0,Ex,1260,1031,2.0,TA,Typ,506.0,TA,0,133900
168,RL,10778,AllPub,Duplex,Sawyer,4,1968,TA,TA,1768.0,TA,1768,0,2.0,TA,Typ,0.0,,0,136500
169,RL,11050,AllPub,1Fam,CollgCr,9,2000,Gd,Ex,1440.0,Ex,1476,677,3.0,Ex,Typ,736.0,TA,0,313000
170,RL,4899,AllPub,1Fam,SWISU,6,1950,TA,TA,755.0,Ex,755,755,1.0,TA,Typ,216.0,TA,0,149000
171,RL,11160,AllPub,1Fam,NAmes,7,1968,Gd,TA,2110.0,Ex,2110,0,3.0,Ex,Typ,522.0,TA,0,244000
172,RL,8480,AllPub,1Fam,SawyerW,6,1994,Gd,Gd,886.0,Ex,886,794,2.0,Gd,Typ,474.0,TA,0,163000
173,RL,7685,AllPub,1Fam,Gilbert,6,1994,TA,Gd,697.0,Gd,697,804,2.0,Gd,Typ,420.0,TA,0,165600
174,RM,7288,AllPub,1Fam,IDOTRR,5,1950,TA,TA,976.0,TA,976,0,2.0,TA,Typ,215.0,TA,0,102000
175,RL,8078,AllPub,Duplex,NAmes,5,1958,TA,TA,1560.0,TA,1560,0,2.0,TA,Typ,484.0,TA,0,128600
176,RL,8741,AllPub,Duplex,Edwards,5,1950,TA,TA,1195.0,TA,1195,0,2.0,TA,Typ,0.0,,0,98500
177,RL,11949,AllPub,1Fam,NoRidge,7,2008,Gd,Gd,975.0,Ex,975,780,2.0,Gd,Typ,524.0,TA,0,235000
178,RL,8200,AllPub,1Fam,CollgCr,7,2004,Gd,Gd,847.0,Ex,847,1081,2.0,Gd,Typ,434.0,TA,0,219500
179,RL,7942,AllPub,1Fam,NAmes,6,1953,TA,TA,1040.0,TA,1040,0,1.0,TA,Typ,293.0,TA,0,136000
180,RL,9510,AllPub,1Fam,NAmes,6,1985,TA,TA,1135.0,Ex,1207,0,1.0,TA,Typ,264.0,TA,0,147000
181,RL,5400,AllPub,1Fam,OldTown,5,1968,TA,TA,1073.0,Ex,1073,0,1.0,TA,Typ,326.0,TA,0,108480
182,RL,9200,AllPub,1Fam,CollgCr,5,1980,TA,Gd,938.0,TA,938,0,2.0,TA,Typ,308.0,TA,0,130250
183,RL,3010,AllPub,TwnhsE,Blmngtn,7,2006,Gd,Gd,1142.0,Ex,1142,0,2.0,Gd,Typ,440.0,TA,0,156820
184,RL,8089,AllPub,1Fam,StoneBr,8,2007,Gd,Gd,1419.0,Ex,1419,0,3.0,Gd,Typ,567.0,TA,0,392000
185,RL,17871,AllPub,1Fam,NWAmes,6,1976,TA,Gd,1680.0,Fa,1724,0,2.0,TA,Typ,480.0,TA,0,197900
186,RL,8540,AllPub,1Fam,NAmes,5,2003,TA,TA,925.0,TA,925,0,2.0,Gd,Typ,252.0,TA,0,127000
187,RL,9060,AllPub,1Fam,Edwards,6,1950,TA,TA,560.0,TA,698,560,1.0,TA,Typ,280.0,TA,0,105000
188,RL,7801,AllPub,1Fam,Crawfor,6,1951,TA,TA,1091.0,Fa,1091,0,1.0,TA,Typ,344.0,TA,0,104000
189,RL,22002,AllPub,1Fam,NAmes,6,1991,TA,TA,1592.0,Gd,1652,0,2.0,Gd,Typ,510.0,TA,0,200000
190,RL,10615,AllPub,2fmCon,OldTown,3,1970,TA,Fa,978.0,TA,1014,685,3.0,TA,Typ,420.0,Fa,0,95000
191,RL,10122,AllPub,1Fam,OldTown,4,1950,TA,,0.0,TA,869,0,1.0,TA,Typ,390.0,Fa,0,89900
192,RM,5805,AllPub,1Fam,OldTown,5,1957,TA,TA,1347.0,Gd,1347,0,2.0,Gd,Typ,551.0,TA,0,143000
193,RL,17217,AllPub,1Fam,Mitchel,5,2006,TA,Gd,1140.0,Ex,1140,0,1.0,TA,Typ,0.0,,0,84500
194,RL,10172,AllPub,1Fam,Mitchel,5,2003,TA,TA,864.0,Ex,874,0,2.0,TA,Typ,288.0,TA,0,126500
195,RL,15300,AllPub,1Fam,Mitchel,5,1977,TA,TA,1068.0,TA,1264,0,2.0,TA,Typ,528.0,TA,0,169000
196,RL,12250,AllPub,1Fam,CollgCr,5,1978,TA,Gd,864.0,Ex,1174,0,2.0,TA,Typ,528.0,TA,0,158000
197,RM,4800,AllPub,1Fam,IDOTRR,4,1990,TA,TA,1196.0,Ex,1196,0,2.0,TA,Typ,440.0,TA,0,109900
198,RL,7200,AllPub,1Fam,NAmes,5,1950,TA,,0.0,Gd,1048,0,1.0,TA,Min1,420.0,TA,0,98300
199,RL,16900,AllPub,1Fam,NridgHt,8,2002,Gd,Ex,1479.0,Ex,1515,1134,3.0,Gd,Typ,746.0,TA,0,421250
200,RL,12172,AllPub,1Fam,NAmes,5,1996,TA,TA,822.0,TA,908,0,1.0,TA,Typ,512.0,TA,0,138500
201,RL,8400,AllPub,1Fam,NAmes,5,1957,TA,Fa,1179.0,Gd,1364,0,1.0,TA,Typ,331.0,TA,0,132000
202,RL,9783,AllPub,1Fam,Gilbert,6,1996,TA,Gd,821.0,Gd,821,955,2.0,TA,Typ,443.0,TA,0,202000
203,RL,21286,AllPub,1Fam,Sawyer,5,1950,TA,TA,720.0,TA,720,551,2.0,TA,Typ,312.0,TA,0,135000
204,RL,3480,AllPub,TwnhsE,NridgHt,7,2003,Gd,Gd,1405.0,Ex,1405,0,2.0,Gd,Typ,478.0,TA,0,173000
205,RM,9656,AllPub,1Fam,OldTown,2,1970,TA,Fa,678.0,TA,832,0,1.0,TA,Typ,780.0,Fa,0,12789
206,RL,10852,AllPub,1Fam,Gilbert,6,2000,TA,Gd,959.0,Ex,959,712,3.0,TA,Typ,472.0,TA,0,173000
207,RL,10890,AllPub,1Fam,SWISU,5,1950,TA,Fa,1058.0,TA,1058,493,3.0,Fa,Typ,240.0,Fa,0,137000
208,RM,1680,AllPub,Twnhs,BrDale,6,1971,TA,TA,483.0,TA,483,504,1.0,TA,Typ,264.0,TA,0,96000
209,RL,3876,AllPub,Twnhs,Greens,8,1978,Gd,Gd,1226.0,TA,1226,0,2.0,Gd,Typ,484.0,TA,0,170000
210,RM,7740,AllPub,1Fam,OldTown,4,1950,TA,Fa,622.0,Gd,741,622,1.0,TA,Typ,528.0,TA,0,125500
211,RL,7200,AllPub,1Fam,CollgCr,5,1972,TA,TA,894.0,TA,894,0,1.0,TA,Typ,600.0,TA,0,123000
212,RL,10084,AllPub,1Fam,CollgCr,7,2006,Gd,Gd,1552.0,Ex,1552,0,2.0,Gd,Typ,782.0,TA,0,212900
213,RL,11675,AllPub,1Fam,NoRidge,8,1998,Gd,Gd,1982.0,Ex,2006,0,3.0,Gd,Typ,938.0,TA,0,350000
214,RL,9260,AllPub,1Fam,SawyerW,7,2007,Gd,Gd,1162.0,Ex,1162,0,2.0,Gd,Typ,483.0,TA,0,170000
215,RL,7200,AllPub,1Fam,Crawfor,7,2000,TA,Gd,776.0,TA,851,651,1.0,TA,Typ,270.0,TA,0,149000
216,RL,7207,AllPub,1Fam,BrkSide,5,2008,TA,TA,858.0,Gd,858,0,2.0,TA,Typ,0.0,,0,116500
217,RL,10386,AllPub,1Fam,CollgCr,8,2005,Gd,Gd,2000.0,Ex,2000,0,3.0,Gd,Typ,888.0,TA,0,305900
218,RL,7500,AllPub,1Fam,SawyerW,7,2006,Gd,Gd,1141.0,Ex,1141,0,2.0,Gd,Typ,484.0,TA,0,152000
219,RL,12203,AllPub,1Fam,NoRidge,8,1999,Gd,Gd,1225.0,Ex,1276,1336,3.0,Gd,Typ,676.0,TA,0,336000
220,RL,10240,AllPub,1Fam,NridgHt,8,2005,Gd,Gd,1030.0,Gd,1038,1060,2.0,Ex,Typ,878.0,TA,0,275500
221,RL,4045,AllPub,TwnhsE,Blmngtn,7,2006,Gd,Gd,1356.0,Ex,1500,0,3.0,Gd,Typ,648.0,TA,0,246578
222,RM,6240,AllPub,1Fam,BrkSide,5,1950,TA,Gd,896.0,Gd,896,448,1.0,TA,Typ,240.0,Fa,0,115000
223,RL,14680,AllPub,1Fam,Crawfor,5,1960,TA,TA,1273.0,Ex,1273,0,1.0,TA,Typ,307.0,TA,0,155000
224,RL,8923,AllPub,1Fam,Gilbert,7,1998,Gd,Gd,384.0,Gd,751,631,2.0,TA,Typ,396.0,TA,0,177500
225,RL,15387,AllPub,1Fam,NWAmes,7,1967,TA,TA,1620.0,Ex,1620,0,2.0,Gd,Typ,578.0,TA,0,215000
226,RL,5868,AllPub,1Fam,NAmes,5,2000,TA,TA,936.0,Ex,936,0,2.0,TA,Typ,308.0,TA,0,129000
227,RL,15750,AllPub,1Fam,CollgCr,8,2000,Gd,Gd,1462.0,Ex,1513,0,3.0,Gd,Typ,521.0,TA,0,220000
228,RM,3153,AllPub,1Fam,OldTown,5,1990,TA,TA,967.0,Gd,967,0,1.0,TA,Typ,180.0,Fa,0,99900
229,RL,9457,AllPub,1Fam,NAmes,5,1990,TA,TA,925.0,TA,1422,0,2.0,TA,Min2,576.0,TA,0,155000
230,RL,21453,AllPub,1Fam,ClearCr,6,1969,TA,TA,938.0,Ex,988,0,2.0,TA,Typ,540.0,TA,0,180000
231,RL,10367,AllPub,1Fam,NridgHt,9,2008,Ex,Ex,1739.0,Ex,1743,0,3.0,Ex,Typ,927.0,TA,0,335000
232,RL,8088,AllPub,1Fam,Edwards,2,1955,TA,TA,498.0,TA,498,0,1.0,TA,Typ,216.0,Fa,0,35000
233,RL,6762,AllPub,1Fam,CollgCr,7,2007,Gd,Gd,1282.0,Ex,1290,0,3.0,Gd,Typ,662.0,TA,0,200000
234,RL,8789,AllPub,1Fam,Sawyer,5,1967,TA,TA,912.0,TA,941,0,1.0,TA,Typ,288.0,TA,0,129200
235,RL,11170,AllPub,1Fam,Timber,7,1991,TA,Gd,1216.0,Ex,1298,1216,2.0,TA,Typ,693.0,TA,0,250000
236,RM,1680,AllPub,TwnhsE,BrDale,6,1971,TA,TA,483.0,TA,483,504,1.0,TA,Typ,264.0,TA,0,89500
237,RL,11553,AllPub,1Fam,Sawyer,5,1968,TA,TA,1051.0,TA,1159,0,1.0,TA,Typ,336.0,TA,0,158000
238,RL,13072,AllPub,1Fam,SawyerW,6,2005,Gd,Gd,1141.0,Ex,1141,0,1.0,TA,Typ,484.0,TA,0,142500
239,RL,9571,AllPub,1Fam,Edwards,5,1956,TA,TA,1144.0,TA,1144,0,2.0,TA,Typ,596.0,TA,0,129000
240,RM,6000,AllPub,2fmCon,OldTown,5,1955,TA,TA,960.0,TA,960,0,2.0,TA,Typ,576.0,TA,0,135500
241,RL,9605,AllPub,1Fam,SawyerW,7,2007,Gd,Gd,1218.0,Ex,1218,0,1.0,Gd,Typ,576.0,TA,0,159000
242,RM,8263,AllPub,1Fam,IDOTRR,6,1950,TA,TA,1012.0,TA,1012,0,1.0,TA,Typ,308.0,TA,0,118400
243,RL,9254,AllPub,1Fam,NridgHt,8,2005,Gd,Gd,1721.0,Ex,1721,0,3.0,Gd,Typ,554.0,TA,0,232698
244,RL,10042,AllPub,1Fam,Edwards,6,1995,TA,TA,660.0,TA,740,125,2.0,TA,Typ,216.0,TA,0,108500
245,RL,8146,AllPub,1Fam,OldTown,4,2003,Gd,Fa,405.0,Gd,717,322,1.0,TA,Typ,281.0,TA,0,114000
246,RL,10366,AllPub,1Fam,Sawyer,6,1964,TA,TA,912.0,TA,934,0,1.0,TA,Typ,336.0,TA,0,132000
247,RL,15312,AllPub,1Fam,Sawyer,6,1960,TA,TA,1138.0,Ex,1138,0,1.0,TA,Typ,480.0,TA,0,148000
248,RL,8125,AllPub,1Fam,Gilbert,6,1995,TA,Gd,702.0,Gd,702,779,2.0,TA,Typ,343.0,TA,0,174000
249,RL,11050,AllPub,1Fam,NAmes,5,1956,TA,TA,1005.0,Ex,1005,0,1.0,TA,Typ,319.0,TA,0,133500
250,RH,8525,AllPub,1Fam,SWISU,5,1950,TA,TA,940.0,TA,1024,940,1.0,TA,Typ,0.0,,0,130000
251,RL,8248,AllPub,1Fam,Edwards,5,1950,TA,TA,686.0,Gd,686,564,1.0,Fa,Typ,280.0,TA,0,116000
252,RL,7706,AllPub,1Fam,Mitchel,6,1996,TA,Gd,384.0,Ex,1091,0,1.0,TA,Typ,429.0,TA,0,131250
253,RL,12134,AllPub,1Fam,Gilbert,8,2005,Gd,Gd,559.0,Gd,1080,672,2.0,TA,Typ,492.0,TA,0,164000
254,FV,8640,AllPub,1Fam,Somerst,8,2008,Gd,Gd,1363.0,Ex,1372,0,2.0,Gd,Typ,588.0,TA,0,212700
255,RM,9143,AllPub,1Fam,OldTown,5,2003,TA,TA,346.0,Ex,709,308,1.0,TA,Typ,308.0,TA,0,114000
256,RL,8885,AllPub,1Fam,Mitchel,5,1983,TA,Gd,864.0,TA,902,0,2.0,TA,Typ,484.0,TA,0,131000
257,RL,9600,AllPub,1Fam,NWAmes,7,1974,TA,TA,1165.0,Gd,1165,896,2.0,TA,Typ,498.0,TA,0,168500
258,RL,10274,AllPub,1Fam,SawyerW,6,1986,TA,Gd,676.0,TA,698,702,2.0,TA,Typ,465.0,TA,0,162000
259,RL,9550,AllPub,1Fam,Crawfor,7,1970,TA,TA,756.0,Gd,961,756,2.0,Gd,Typ,642.0,TA,0,140000
260,RL,7875,AllPub,1Fam,Gilbert,7,2003,Gd,Gd,783.0,Ex,807,702,2.0,Gd,Typ,393.0,TA,0,180000
261,RM,6120,AllPub,1Fam,BrkSide,5,1950,Gd,TA,884.0,Ex,884,0,1.0,TA,Typ,240.0,TA,0,113000
262,RL,15498,AllPub,1Fam,Timber,8,1976,Gd,Gd,1565.0,TA,2898,0,3.0,Gd,Typ,665.0,TA,0,287000
263,RL,10759,AllPub,1Fam,Sawyer,5,1972,TA,Gd,1001.0,TA,1001,640,2.0,TA,Typ,490.0,TA,0,140000
264,FV,11096,AllPub,1Fam,Somerst,8,2006,Gd,Gd,1656.0,Ex,1656,0,2.0,Gd,Typ,826.0,TA,0,249700
265,RL,8240,AllPub,1Fam,Edwards,6,1960,TA,TA,1179.0,Gd,1179,0,1.0,TA,Min2,622.0,TA,0,110000
266,RL,8400,AllPub,1Fam,NAmes,6,1957,TA,TA,1478.0,Gd,1478,0,2.0,TA,Typ,442.0,TA,0,156500
267,RM,2058,AllPub,Twnhs,BrDale,6,1973,TA,TA,672.0,Ex,672,546,1.0,Ex,Typ,264.0,TA,0,113700
268,RL,4590,AllPub,Twnhs,NridgHt,8,2006,Gd,Gd,1554.0,Ex,1554,0,2.0,Gd,Typ,627.0,TA,0,209500
269,RL,7242,AllPub,1Fam,CollgCr,7,2006,Gd,Gd,1270.0,Ex,1270,0,2.0,Gd,Typ,524.0,TA,0,175900
270,RM,5820,AllPub,1Fam,OldTown,3,2005,TA,TA,1162.0,Ex,1163,0,2.0,TA,Typ,220.0,Fa,0,126175
271,RL,9466,AllPub,TwnhsE,Veenker,8,1995,Gd,Gd,1494.0,Ex,1494,0,2.0,Gd,Typ,478.0,TA,0,279700
272,RL,9555,AllPub,Duplex,Edwards,5,1979,TA,,0.0,TA,1100,1133,2.0,TA,Typ,579.0,TA,0,141000
273,RM,9060,AllPub,1Fam,IDOTRR,5,1999,TA,Gd,859.0,Ex,942,886,2.0,Gd,Typ,,,0,150909
274,RL,13695,AllPub,1Fam,SawyerW,6,2004,TA,Gd,1114.0,Ex,1114,0,2.0,Gd,Typ,576.0,TA,0,155000
275,RM,9000,AllPub,1Fam,IDOTRR,6,1950,TA,TA,780.0,TA,780,595,1.0,Gd,Typ,544.0,TA,0,141000
276,RL,2308,AllPub,TwnhsE,NPkVill,6,1976,TA,Gd,804.0,TA,804,744,3.0,Gd,Typ,440.0,TA,0,155000
277,RL,12450,AllPub,1Fam,SawyerW,5,2004,Gd,Gd,1094.0,Ex,1094,0,2.0,Gd,Typ,576.0,TA,0,149000
278,RL,13339,AllPub,1Fam,Crawfor,6,1960,TA,TA,1561.0,TA,1561,0,3.0,TA,Typ,463.0,TA,0,193000
279,RL,4043,AllPub,TwnhsE,NPkVill,6,1977,TA,Gd,1069.0,TA,1069,0,2.0,TA,Typ,440.0,TA,0,127500
280,RL,15400,AllPub,1Fam,Sawyer,5,1961,TA,TA,552.0,TA,904,611,2.0,TA,Typ,384.0,TA,0,165000
281,RL,12435,AllPub,1Fam,CollgCr,7,2001,Gd,Gd,963.0,Ex,963,829,2.0,Gd,Typ,564.0,TA,0,231500
282,RL,23730,AllPub,1Fam,Mitchel,7,1997,Gd,Ex,1840.0,Ex,2032,0,4.0,Gd,Typ,786.0,TA,0,300000
283,RL,14695,AllPub,1Fam,NAmes,6,2008,TA,TA,1562.0,Gd,1567,0,3.0,Gd,Typ,542.0,TA,0,256000
284,RL,13000,AllPub,1Fam,NAmes,6,1968,TA,Gd,896.0,TA,1182,960,2.0,Gd,Typ,509.0,TA,0,193500
285,RL,6762,AllPub,1Fam,CollgCr,7,2006,Gd,Gd,1187.0,Ex,1208,0,3.0,Gd,Typ,632.0,TA,0,206000
286,RL,8400,AllPub,1Fam,NAmes,4,1970,TA,TA,882.0,TA,882,0,2.0,TA,Typ,525.0,TA,0,126000
287,RL,8304,AllPub,1Fam,SawyerW,6,1998,TA,Gd,941.0,Ex,941,896,2.0,TA,Typ,688.0,TA,0,187000
288,RM,5830,AllPub,1Fam,BrkSide,5,1997,TA,TA,988.0,Ex,1030,582,1.0,TA,Typ,363.0,TA,0,128500
289,RL,7332,AllPub,1Fam,NAmes,6,1959,TA,TA,864.0,Ex,864,0,2.0,Gd,Typ,288.0,TA,0,120000
290,RM,7200,AllPub,1Fam,IDOTRR,5,1996,TA,TA,530.0,TA,581,530,1.0,Fa,Typ,288.0,TA,0,101000
291,RL,7264,AllPub,1Fam,BrkSide,7,2007,Gd,TA,952.0,Gd,952,596,2.0,Ex,Typ,672.0,TA,0,205000
292,RL,12888,AllPub,1Fam,Sawyer,7,1980,TA,TA,1005.0,TA,1262,1005,2.0,TA,Typ,498.0,TA,0,219000
293,RM,11340,AllPub,2fmCon,OldTown,4,1950,TA,TA,777.0,Gd,1246,1044,2.0,TA,Typ,560.0,TA,0,122500
294,RL,53107,AllPub,1Fam,ClearCr,6,1992,Gd,Gd,1580.0,Ex,1079,874,3.0,Gd,Typ,501.0,TA,0,240000
295,RL,11250,AllPub,1Fam,CollgCr,7,2001,Gd,Gd,944.0,Ex,944,926,2.0,Gd,Typ,608.0,TA,0,211000
296,RL,8917,AllPub,Duplex,NAmes,5,1967,TA,TA,1584.0,TA,1584,0,2.0,TA,Typ,506.0,TA,0,119000
297,RM,12900,AllPub,1Fam,OldTown,6,2009,Gd,TA,780.0,Ex,780,780,1.0,Gd,Typ,0.0,,0,159900
298,RL,9100,AllPub,1Fam,Crawfor,5,1954,TA,TA,1112.0,Ex,1112,0,2.0,TA,Typ,390.0,TA,0,144800
299,RL,11778,AllPub,1Fam,CollgCr,9,2008,Ex,Ex,1751.0,Ex,1766,0,3.0,Ex,Typ,874.0,TA,0,395039
300,RL,11457,AllPub,1Fam,Timber,6,1988,TA,Gd,1392.0,TA,1412,0,3.0,Gd,Typ,576.0,TA,0,175000
301,RL,5062,AllPub,TwnhsE,StoneBr,7,1984,Gd,Gd,1190.0,Gd,1190,900,3.0,Gd,Min1,577.0,TA,0,207500
302,RL,20896,AllPub,1Fam,Somerst,8,2006,Gd,Ex,2077.0,Ex,2097,0,2.0,Ex,Typ,1134.0,TA,0,423000
303,RL,8880,AllPub,1Fam,SawyerW,7,2002,Gd,Gd,948.0,Ex,1222,888,3.0,Gd,Typ,463.0,TA,0,205000
304,RL,11578,AllPub,1Fam,NridgHt,9,2008,Ex,Ex,1736.0,Ex,1736,0,2.0,Ex,Typ,834.0,TA,0,360000
305,RL,7903,AllPub,1Fam,NAmes,5,1960,TA,TA,1242.0,Gd,1242,0,2.0,TA,Typ,324.0,TA,0,152000
306,RL,13907,AllPub,1Fam,Edwards,5,1969,TA,TA,996.0,Ex,996,0,2.0,TA,Typ,0.0,,0,108000
307,RL,31220,NoSewr,1Fam,Gilbert,6,1952,TA,TA,1632.0,TA,1474,0,1.0,TA,Min2,495.0,TA,0,115000
308,RL,8668,AllPub,Duplex,NAmes,5,1968,TA,TA,1560.0,TA,1560,0,2.0,TA,Typ,792.0,TA,0,126000
309,RL,13870,AllPub,1Fam,StoneBr,10,2007,Ex,Ex,1742.0,Ex,2042,0,3.0,Ex,Typ,724.0,TA,0,455000
310,RL,10246,AllPub,1Fam,Sawyer,4,2001,TA,TA,648.0,Ex,960,0,1.0,TA,Typ,364.0,TA,0,145000
311,RM,3675,AllPub,TwnhsE,Edwards,5,2005,TA,Gd,547.0,Gd,1072,0,2.0,TA,Typ,525.0,TA,0,145000
312,RL,7200,AllPub,1Fam,NAmes,4,1950,TA,,0.0,TA,1040,0,1.0,TA,Typ,420.0,TA,0,109900
313,RL,16196,AllPub,1Fam,SawyerW,7,1998,Gd,Gd,1482.0,Ex,1494,0,3.0,Gd,Typ,514.0,TA,0,215000
314,C (all),12366,AllPub,1Fam,IDOTRR,3,1950,TA,,0.0,TA,729,0,1.0,TA,Mod,0.0,,0,51689
315,RL,12886,AllPub,1Fam,Sawyer,5,1999,TA,Gd,520.0,Ex,1464,0,2.0,TA,Min2,480.0,TA,0,175000
316,RL,6600,AllPub,1Fam,Mitchel,5,2008,Gd,TA,816.0,Ex,816,0,1.0,Gd,Typ,264.0,TA,0,130500
317,RM,1953,AllPub,Twnhs,BrDale,6,1973,TA,TA,483.0,TA,483,504,1.0,TA,Typ,264.0,TA,0,83000
318,C (all),8712,AllPub,1Fam,IDOTRR,5,1952,Fa,TA,540.0,TA,1044,0,1.0,Fa,Typ,504.0,TA,0,55993
319,RM,2368,AllPub,TwnhsE,BrDale,5,1970,TA,TA,765.0,TA,765,600,1.0,TA,Min1,440.0,TA,0,125000
320,FV,7500,AllPub,1Fam,Somerst,7,2005,Gd,Gd,1257.0,Ex,1266,0,2.0,Gd,Typ,453.0,TA,0,176000
321,RL,9316,AllPub,1Fam,CollgCr,7,2005,Gd,Gd,784.0,Ex,784,812,2.0,Gd,Typ,610.0,TA,0,181000
322,RL,5175,AllPub,1Fam,BrkSide,5,2000,TA,TA,808.0,Ex,808,0,1.0,TA,Typ,308.0,TA,0,112000
323,RM,7627,AllPub,2fmCon,OldTown,4,1950,Fa,Fa,600.0,Gd,1101,600,2.0,Fa,Typ,0.0,,0,94550
324,RL,11737,AllPub,1Fam,BrkSide,6,1996,TA,TA,848.0,TA,1017,810,1.0,TA,Typ,240.0,Fa,0,202500
325,RL,20062,AllPub,1Fam,ClearCr,7,2001,Gd,Gd,1420.0,Gd,1483,0,2.0,TA,Typ,690.0,TA,0,270000
326,RL,11060,AllPub,1Fam,Edwards,7,2005,Gd,Ex,1150.0,Ex,1164,1150,2.0,Gd,Typ,502.0,TA,0,229000
327,RL,7758,AllPub,1Fam,Sawyer,5,2001,TA,TA,999.0,Gd,999,0,2.0,Gd,Typ,264.0,TA,0,132500
328,RM,5520,AllPub,1Fam,OldTown,4,1980,TA,TA,1147.0,TA,1147,510,1.0,Fa,Typ,162.0,Fa,0,111500
329,RL,14450,AllPub,1Fam,NridgHt,9,2007,Ex,Ex,2121.0,Ex,2121,0,2.0,Ex,Typ,732.0,TA,0,415298
330,RL,13450,AllPub,1Fam,CollgCr,7,2002,Gd,Gd,916.0,Ex,920,941,3.0,Gd,Typ,492.0,TA,0,200000
331,RM,4426,AllPub,TwnhsE,CollgCr,6,2004,Gd,Gd,848.0,Ex,848,0,2.0,Gd,Typ,420.0,TA,0,141000
332,RH,10943,AllPub,TwnhsE,NAmes,6,1998,Gd,Gd,1405.0,Ex,1337,0,3.0,Gd,Typ,522.0,TA,0,177000
333,FV,12552,AllPub,1Fam,Somerst,7,2005,Gd,Gd,991.0,Ex,991,956,2.0,Gd,Typ,678.0,TA,0,254900
334,RM,7425,AllPub,1Fam,BrkSide,7,1950,TA,TA,672.0,Gd,1195,473,1.0,Gd,Typ,252.0,TA,0,108000
335,FV,11143,AllPub,1Fam,Somerst,8,2005,Gd,Gd,1580.0,Ex,1580,886,3.0,Gd,Typ,610.0,TA,0,340000
336,RL,9370,AllPub,1Fam,SawyerW,6,1993,Gd,Gd,836.0,Ex,844,887,3.0,Gd,Typ,462.0,TA,0,248500
337,RL,7810,AllPub,1Fam,Crawfor,4,2003,TA,TA,930.0,Ex,1230,525,2.0,Gd,Typ,231.0,Fa,0,188000
338,RM,1612,AllPub,Twnhs,Blueste,6,1980,TA,Gd,561.0,TA,561,668,1.0,TA,Typ,462.0,TA,0,121000
339,RL,5400,AllPub,1Fam,SWISU,5,1958,TA,TA,864.0,TA,864,0,1.0,TA,Typ,399.0,TA,0,118000
340,RL,8000,AllPub,1Fam,Gilbert,6,1996,TA,Gd,773.0,Gd,773,885,3.0,TA,Typ,431.0,TA,0,188000
341,RL,9286,AllPub,1Fam,CollgCr,5,1989,TA,Gd,1268.0,TA,1268,0,1.0,Gd,Typ,252.0,TA,0,143500
342,RM,5000,AllPub,1Fam,BrkSide,5,2006,TA,TA,672.0,Ex,832,378,1.0,Gd,Typ,240.0,TA,0,124000
343,FV,8640,AllPub,1Fam,Somerst,8,2007,Gd,Gd,1338.0,Ex,1338,0,2.0,Gd,Typ,598.0,TA,0,208900
344,RL,9316,AllPub,1Fam,CollgCr,7,2005,Gd,Gd,1614.0,Ex,1614,0,2.0,Gd,Typ,576.0,TA,0,225000
345,RL,13774,AllPub,1Fam,NWAmes,7,1992,TA,Gd,908.0,Ex,1316,972,1.0,Gd,Typ,520.0,TA,0,230000
346,RL,8400,AllPub,1Fam,NAmes,5,1968,TA,Gd,833.0,Gd,898,0,2.0,TA,Typ,326.0,TA,0,140000
347,RM,4426,AllPub,TwnhsE,CollgCr,6,2004,Gd,Gd,848.0,Ex,848,0,2.0,Gd,Typ,420.0,TA,0,143000
348,RL,10182,AllPub,1Fam,Somerst,8,2006,Gd,Ex,1660.0,Ex,1660,0,3.0,Gd,Typ,500.0,TA,0,290000
349,RM,7628,AllPub,1Fam,OldTown,4,1985,TA,TA,801.0,Gd,1095,561,2.0,TA,Mod,440.0,TA,0,119164
350,RL,10010,AllPub,1Fam,Mitchel,5,1975,TA,Gd,1389.0,Gd,1389,0,2.0,TA,Typ,418.0,TA,0,170000
351,RL,13173,AllPub,1Fam,NridgHt,9,2007,Gd,Ex,1652.0,Ex,1652,0,3.0,Ex,Typ,840.0,TA,0,325000
352,RL,4928,AllPub,TwnhsE,NPkVill,6,1976,TA,Gd,1078.0,TA,958,0,2.0,TA,Typ,440.0,TA,0,128000
353,RL,7436,AllPub,1Fam,NAmes,4,1960,TA,TA,894.0,Gd,894,0,2.0,TA,Typ,396.0,TA,0,141500
354,RL,9600,AllPub,1Fam,NAmes,5,1955,TA,TA,1078.0,Ex,1150,0,2.0,TA,Typ,288.0,TA,0,144000
355,RM,1680,AllPub,Twnhs,BrDale,6,1972,TA,TA,483.0,TA,483,504,2.0,TA,Typ,288.0,TA,0,97000
356,RM,9750,AllPub,1Fam,OldTown,5,1959,TA,TA,984.0,Gd,984,0,2.0,Fa,Typ,308.0,TA,0,110000
357,RM,5400,AllPub,1Fam,OldTown,6,2004,TA,TA,1149.0,Gd,1149,467,2.0,Gd,Typ,216.0,TA,0,152000
358,FV,2403,AllPub,TwnhsE,Somerst,7,2003,Gd,Gd,530.0,Ex,530,550,2.0,Gd,Typ,496.0,TA,0,147110
359,FV,2645,AllPub,Twnhs,Somerst,8,2000,Gd,Gd,960.0,Ex,962,645,3.0,Gd,Typ,480.0,TA,0,200000
360,RL,8970,AllPub,1Fam,NAmes,5,1965,TA,TA,744.0,TA,825,1315,2.0,TA,Typ,549.0,TA,0,177500
361,RM,3378,AllPub,1Fam,OldTown,7,1992,TA,TA,651.0,Gd,707,682,1.0,TA,Typ,240.0,TA,0,135000
362,FV,4385,AllPub,TwnhsE,Somerst,9,2001,Gd,Ex,1419.0,Ex,1419,0,2.0,Ex,Typ,588.0,TA,0,290000
363,RL,13355,AllPub,1Fam,NWAmes,7,1971,TA,Gd,825.0,TA,845,825,1.0,TA,Typ,464.0,TA,0,170000
364,RL,7200,AllPub,1Fam,CollgCr,5,1972,TA,TA,780.0,Ex,780,0,1.0,TA,Typ,352.0,TA,0,124900
365,RM,1974,AllPub,Twnhs,MeadowV,4,2006,TA,Gd,526.0,Gd,526,462,2.0,TA,Typ,297.0,TA,0,105000
366,RM,10320,AllPub,2fmCon,IDOTRR,3,1950,Fa,TA,536.0,Ex,808,536,2.0,TA,Typ,0.0,,0,82375
367,RL,11404,AllPub,1Fam,CollgCr,7,1999,Gd,Gd,1153.0,Ex,1153,878,2.0,Gd,Typ,541.0,TA,0,222500
368,RL,8814,AllPub,1Fam,CollgCr,7,2007,Gd,Gd,1274.0,Ex,1274,0,3.0,Gd,Typ,508.0,TA,0,203000
369,RL,13418,AllPub,1Fam,NridgHt,8,2005,Gd,Ex,1117.0,Ex,1132,1320,3.0,Gd,Typ,691.0,TA,0,309000
370,RL,7000,AllPub,2fmCon,NAmes,5,1962,TA,TA,1025.0,TA,1025,0,2.0,TA,Typ,0.0,,0,124000
371,RL,10895,AllPub,1Fam,NAmes,5,1955,TA,TA,972.0,TA,972,0,1.0,TA,Typ,305.0,TA,0,122500
372,FV,7500,AllPub,1Fam,Somerst,8,2007,Gd,Gd,1372.0,Ex,1448,0,2.0,Gd,Typ,692.0,TA,0,238500
373,RL,13001,AllPub,1Fam,NWAmes,6,1971,TA,TA,1625.0,TA,1220,0,2.0,TA,Typ,944.0,TA,0,170000
374,RL,8160,AllPub,1Fam,Edwards,5,1950,TA,TA,756.0,Fa,756,378,2.0,TA,Typ,240.0,TA,0,126000
375,RL,3684,AllPub,TwnhsE,Blmngtn,7,2007,Gd,Gd,1373.0,Ex,1555,0,2.0,Gd,Typ,660.0,TA,0,174000
376,RM,3907,AllPub,TwnhsE,Blueste,8,1988,TA,Gd,1004.0,Gd,1020,0,2.0,TA,Typ,509.0,TA,0,200000
377,RL,9360,AllPub,1Fam,NWAmes,6,2006,TA,TA,1161.0,TA,1381,0,2.0,Gd,Typ,676.0,TA,0,197500
378,RL,14175,AllPub,1Fam,Sawyer,5,1998,TA,TA,1240.0,Gd,1375,0,2.0,TA,Typ,323.0,TA,0,187000
379,RL,21750,AllPub,1Fam,Mitchel,5,2006,TA,,0.0,TA,1771,0,1.0,TA,Min1,336.0,TA,0,115000
380,RL,9042,AllPub,1Fam,Gilbert,6,1998,TA,Gd,943.0,Gd,943,695,3.0,TA,Typ,472.0,TA,0,192000
381,RL,8250,AllPub,1Fam,NAmes,6,1964,TA,Gd,1092.0,Ex,1092,0,2.0,TA,Typ,504.0,TA,0,145000
382,RL,7892,AllPub,TwnhsE,SawyerW,6,1993,Gd,Gd,1199.0,Ex,1199,0,2.0,Gd,Typ,530.0,TA,0,153900
383,RL,14330,AllPub,1Fam,CollgCr,5,2001,TA,TA,864.0,TA,1558,0,3.0,TA,Min2,440.0,TA,0,163000
384,RL,7018,AllPub,Duplex,SawyerW,5,1979,TA,Gd,1086.0,TA,1224,0,2.0,TA,Typ,528.0,TA,0,153337
385,RL,8712,AllPub,1Fam,NAmes,5,2000,TA,TA,992.0,TA,1306,0,2.0,TA,Typ,756.0,TA,0,153000
386,RL,11339,AllPub,1Fam,NWAmes,7,1979,TA,Gd,780.0,TA,1085,845,3.0,Gd,Typ,481.0,TA,0,192000
387,RL,16466,AllPub,1Fam,Edwards,5,1955,TA,TA,816.0,TA,872,521,1.0,TA,Typ,300.0,TA,0,135500
388,RL,7227,AllPub,1Fam,NAmes,6,1954,TA,TA,832.0,Gd,832,0,1.0,Gd,Typ,528.0,TA,0,105500
389,RL,10143,AllPub,1Fam,NAmes,6,1963,TA,TA,1380.0,Fa,1380,0,1.0,TA,Typ,364.0,TA,0,154000
390,RL,8286,AllPub,1Fam,Mitchel,5,1977,TA,Gd,716.0,Ex,716,716,2.0,TA,Typ,531.0,TA,0,157000
391,RM,7000,AllPub,1Fam,IDOTRR,6,1950,TA,TA,720.0,Gd,720,495,1.0,Gd,Typ,720.0,TA,0,141000
392,RL,14859,AllPub,1Fam,Gilbert,7,2006,Gd,Gd,1670.0,Ex,1670,0,2.0,Gd,Typ,690.0,TA,0,240000
393,RL,9350,AllPub,1Fam,NAmes,5,1999,TA,TA,1219.0,Gd,1265,0,2.0,Gd,Typ,502.0,TA,0,179900
394,RM,7518,AllPub,1Fam,IDOTRR,5,2004,Fa,Fa,396.0,Gd,665,665,1.0,TA,Typ,390.0,TA,0,116500
395,RM,4608,AllPub,1Fam,OldTown,4,1950,TA,TA,747.0,TA,747,0,1.0,TA,Typ,220.0,TA,0,80000
396,FV,8125,AllPub,1Fam,Somerst,6,2005,Gd,Gd,858.0,Ex,858,858,2.0,Gd,Typ,615.0,TA,0,200825
397,RL,3880,AllPub,Twnhs,Greens,8,1978,Gd,Gd,1226.0,TA,1226,0,2.0,Gd,Typ,484.0,TA,0,206000
398,RL,7390,AllPub,1Fam,NAmes,5,1955,TA,TA,1098.0,TA,1098,0,2.0,TA,Typ,260.0,TA,0,135000
399,RL,7018,AllPub,Duplex,SawyerW,5,1979,TA,,0.0,TA,1120,1120,2.0,TA,Typ,528.0,TA,0,142953
400,RL,8339,AllPub,1Fam,NAmes,5,1959,TA,,0.0,TA,882,0,1.0,TA,Typ,294.0,TA,0,106500
401,RL,8172,AllPub,1Fam,Edwards,5,1990,TA,TA,864.0,TA,864,0,2.0,TA,Typ,572.0,TA,0,115000
402,RM,8094,AllPub,1Fam,OldTown,4,1950,TA,TA,888.0,Ex,888,1074,1.0,TA,Typ,572.0,TA,0,149500
403,RL,11084,AllPub,1Fam,Gilbert,7,2004,Gd,Gd,384.0,Ex,744,630,3.0,Gd,Typ,400.0,TA,0,175000
404,RL,14780,AllPub,1Fam,NridgHt,9,2005,Ex,Ex,1868.0,Ex,1868,0,3.0,Ex,Typ,1085.0,TA,0,415000
405,RM,7830,AllPub,1Fam,OldTown,3,1950,TA,Fa,492.0,TA,492,0,2.0,TA,Typ,200.0,Fa,0,61500
406,RL,8068,AllPub,1Fam,Gilbert,6,2002,Gd,Gd,1010.0,Ex,1010,1257,2.0,Gd,Typ,390.0,TA,0,200000
407,RL,8405,AllPub,1Fam,Edwards,5,1950,TA,TA,861.0,Ex,961,406,2.0,TA,Typ,384.0,TA,0,119000
408,RL,8000,AllPub,1Fam,NAmes,6,2002,TA,TA,972.0,Ex,972,0,2.0,TA,Typ,240.0,TA,0,132000
409,RL,9600,AllPub,1Fam,NAmes,5,1968,TA,TA,1051.0,Gd,1051,0,2.0,TA,Typ,504.0,TA,0,142000
410,RM,3675,AllPub,TwnhsE,Edwards,6,2005,TA,Gd,547.0,Ex,1072,0,2.0,TA,Typ,525.0,TA,0,148000
411,RL,10125,AllPub,1Fam,Mitchel,6,1977,TA,TA,1196.0,TA,1279,0,2.0,TA,Typ,473.0,TA,0,171500
412,RL,7472,AllPub,1Fam,NAmes,7,2004,TA,TA,725.0,Gd,725,754,2.0,Gd,Typ,484.0,TA,0,184000
413,RL,6400,AllPub,1Fam,Edwards,5,2000,TA,TA,960.0,Ex,960,0,2.0,Fa,Typ,392.0,TA,0,131750
414,RM,12150,AllPub,1Fam,OldTown,5,1954,TA,TA,1050.0,Ex,1050,745,2.0,TA,Typ,352.0,Fa,0,131500
415,RL,13101,AllPub,Duplex,NAmes,5,1965,TA,TA,1728.0,TA,1728,0,2.0,TA,Typ,576.0,TA,0,142600
416,RL,16770,AllPub,1Fam,NridgHt,8,2003,Gd,Ex,1712.0,Ex,1712,0,3.0,Gd,Typ,701.0,TA,0,286500
417,RL,8846,AllPub,1Fam,CollgCr,6,2006,TA,Gd,750.0,Ex,750,750,2.0,Gd,Typ,564.0,TA,0,173900
418,RH,4270,AllPub,1Fam,Edwards,3,2006,TA,TA,544.0,Ex,774,0,1.0,Gd,Typ,0.0,,0,79000
419,RL,10410,AllPub,1Fam,OldTown,3,1950,TA,TA,672.0,TA,694,520,1.0,TA,Typ,936.0,TA,0,105000
420,RL,7822,AllPub,1Fam,Edwards,6,1950,TA,Fa,832.0,TA,846,492,2.0,TA,Typ,528.0,TA,0,92000
421,RL,10170,AllPub,1Fam,NAmes,6,1951,TA,TA,216.0,TA,1575,0,1.0,Gd,Typ,400.0,TA,0,155000
422,RL,8750,AllPub,1Fam,NAmes,5,1955,TA,TA,1382.0,Gd,1382,0,1.0,Gd,Typ,350.0,TA,0,153000
423,RM,3072,AllPub,TwnhsE,Blmngtn,7,2004,Gd,Gd,1375.0,Ex,1414,0,2.0,Gd,Typ,398.0,TA,0,178740
424,RL,10021,AllPub,1Fam,CollgCr,6,2006,TA,Gd,635.0,Ex,646,662,3.0,Gd,Typ,497.0,TA,0,175000
425,RL,10600,AllPub,1Fam,NAmes,6,1964,TA,TA,533.0,TA,1131,644,2.0,TA,Typ,480.0,TA,0,136300
426,RL,9638,AllPub,1Fam,Edwards,6,1977,TA,TA,1029.0,TA,1117,0,2.0,TA,Typ,542.0,TA,0,147000
427,RL,7642,AllPub,1Fam,Crawfor,7,1998,Gd,TA,912.0,Gd,912,514,1.0,Gd,Typ,216.0,TA,0,189950
428,RL,10820,AllPub,1Fam,CollgCr,7,1999,Gd,Gd,988.0,Ex,988,885,2.0,Gd,Typ,597.0,TA,0,235500
429,RL,9000,AllPub,1Fam,Sawyer,2,1950,TA,,0.0,Fa,660,0,1.0,Fa,Min2,0.0,,0,63900
430,RL,9525,AllPub,1Fam,CollgCr,5,2006,TA,Gd,1099.0,Ex,1099,0,1.0,Gd,Typ,352.0,TA,0,144000
431,RL,8872,AllPub,1Fam,Gilbert,6,1997,TA,Gd,384.0,Gd,754,630,2.0,TA,Typ,390.0,TA,0,161500
432,RM,8400,AllPub,1Fam,OldTown,6,1950,TA,Fa,917.0,Gd,1090,917,2.0,Ex,Typ,357.0,TA,0,160000
433,RL,13700,AllPub,1Fam,NAmes,7,1988,TA,TA,864.0,TA,902,918,1.0,Gd,Typ,492.0,TA,0,201800
434,RL,11435,AllPub,1Fam,Crawfor,8,1950,TA,Gd,792.0,Fa,792,725,1.0,Gd,Typ,400.0,TA,0,230000
435,RL,14191,AllPub,1Fam,Timber,8,2002,Gd,Gd,967.0,Ex,993,915,2.0,Gd,Typ,431.0,TA,0,202900
436,RM,7311,AllPub,1Fam,OldTown,2,1950,TA,TA,407.0,TA,407,0,1.0,TA,Typ,297.0,Fa,0,46500
437,RL,8750,AllPub,1Fam,NAmes,5,1956,TA,TA,1202.0,TA,1202,0,1.0,TA,Typ,304.0,TA,0,120000
438,RM,2522,AllPub,Twnhs,Edwards,7,2004,Gd,Gd,970.0,Ex,970,739,2.0,Gd,Maj1,380.0,TA,0,137500
439,RL,2289,AllPub,Twnhs,NPkVill,6,1978,TA,TA,855.0,TA,855,586,2.0,TA,Typ,440.0,TA,0,148500
440,FV,10440,AllPub,1Fam,Somerst,6,2005,Gd,Ex,1468.0,Ex,1468,0,3.0,Gd,Typ,528.0,TA,0,271500
441,RL,11600,AllPub,Duplex,NAmes,5,1960,TA,TA,1105.0,TA,1105,1169,2.0,TA,Typ,480.0,TA,0,154300
442,FV,2117,AllPub,Twnhs,Somerst,6,2000,Gd,Gd,756.0,Ex,769,756,2.0,Gd,Typ,440.0,TA,0,177000
443,RM,5852,AllPub,2fmCon,OldTown,7,2000,TA,TA,1020.0,TA,978,886,2.0,TA,Typ,0.0,,0,97500
444,RL,8050,AllPub,1Fam,NAmes,5,1959,TA,TA,1143.0,TA,1143,0,2.0,TA,Typ,308.0,TA,0,136000
445,RL,9468,AllPub,1Fam,CollgCr,6,1999,TA,Gd,840.0,Ex,840,915,3.0,TA,Typ,530.0,TA,0,214000
446,RL,8414,AllPub,1Fam,Sawyer,6,2003,TA,TA,1059.0,TA,1068,0,1.0,TA,Typ,264.0,TA,0,154500
447,RL,10147,AllPub,1Fam,Gilbert,6,1994,TA,Gd,392.0,Gd,924,770,2.0,TA,Typ,398.0,TA,0,160000
448,RL,10816,AllPub,1Fam,CollgCr,9,2008,Ex,Ex,1720.0,Ex,1720,0,3.0,Ex,Typ,846.0,TA,0,332000
449,RL,7200,AllPub,Duplex,NAmes,4,1950,TA,,0.0,Fa,1040,0,2.0,TA,Typ,420.0,TA,0,90000
450,RL,12090,AllPub,1Fam,NoRidge,8,1998,Gd,Gd,1141.0,Gd,1165,1098,2.0,Gd,Typ,420.0,TA,0,258000
451,RL,10106,AllPub,2fmCon,Edwards,5,1999,TA,TA,644.0,Gd,808,547,3.0,TA,Typ,0.0,,0,127500
452,RL,8212,AllPub,1Fam,Edwards,5,1950,TA,TA,720.0,Ex,854,444,1.0,TA,Typ,256.0,TA,0,122000
453,RL,11650,AllPub,1Fam,NAmes,7,1959,TA,,0.0,Gd,1472,0,2.0,Gd,Typ,484.0,TA,0,157500
454,RL,15676,AllPub,1Fam,Veenker,8,1980,Gd,Gd,2014.0,Gd,2014,0,3.0,Gd,Maj1,864.0,TA,0,275000
455,RL,15870,AllPub,1Fam,NAmes,5,1969,TA,TA,1096.0,Ex,1096,0,2.0,TA,Typ,299.0,TA,0,138800
456,RL,9250,AllPub,1Fam,NAmes,5,2005,TA,TA,1056.0,TA,1056,0,1.0,TA,Typ,260.0,TA,0,139400
457,RM,6000,AllPub,2fmCon,OldTown,5,1954,TA,TA,811.0,TA,811,576,2.0,Gd,Typ,256.0,TA,0,93000
458,RL,7550,AllPub,1Fam,Edwards,4,1950,Fa,TA,951.0,Fa,986,376,2.0,TA,Typ,280.0,Fa,0,96000
459,RL,8777,AllPub,1Fam,Edwards,5,1950,TA,Fa,796.0,Gd,796,0,1.0,TA,Typ,0.0,,0,85000
460,RL,15810,AllPub,1Fam,Gilbert,6,2007,Gd,Gd,768.0,Ex,768,728,3.0,Gd,Typ,572.0,TA,0,181755
461,RL,25485,AllPub,1Fam,Crawfor,6,1960,TA,TA,1560.0,TA,1560,0,1.0,TA,Typ,580.0,TA,0,201000
462,RL,13860,AllPub,1Fam,NAmes,8,1995,Gd,Gd,1952.0,Gd,2000,704,3.0,Ex,Typ,538.0,TA,0,345000
463,RM,3843,AllPub,TwnhsE,Crawfor,8,2008,Ex,Ex,1596.0,Ex,1648,0,3.0,Ex,Typ,525.0,TA,0,294464
464,RL,7875,AllPub,1Fam,Gilbert,7,1996,TA,Gd,1237.0,Gd,1253,0,2.0,TA,Typ,402.0,TA,0,176000
465,RL,8680,AllPub,1Fam,NAmes,5,1960,TA,TA,894.0,TA,894,0,1.0,TA,Typ,312.0,TA,0,117600
466,RL,3010,AllPub,TwnhsE,Blmngtn,7,2006,Gd,Gd,1248.0,Ex,1248,0,2.0,Gd,Typ,438.0,TA,0,167240
467,RL,10010,AllPub,1Fam,NoRidge,7,1994,Gd,Gd,1080.0,Ex,1108,1089,3.0,Gd,Typ,783.0,TA,0,287500
468,RM,9836,AllPub,1Fam,OldTown,6,2008,TA,TA,192.0,Gd,1133,0,2.0,TA,Typ,308.0,TA,0,143000
469,RL,9084,AllPub,1Fam,Gilbert,7,1998,TA,Gd,935.0,Gd,955,677,2.0,TA,Typ,462.0,TA,0,176500
470,RL,15896,AllPub,1Fam,Gilbert,7,1999,Gd,Gd,1177.0,Ex,1223,1089,3.0,Gd,Typ,658.0,TA,0,245000
471,RL,7150,AllPub,1Fam,Sawyer,5,1962,TA,TA,912.0,Gd,912,0,1.0,TA,Typ,252.0,TA,0,123000
472,RL,8883,AllPub,1Fam,SawyerW,7,1988,Gd,Gd,929.0,Ex,946,927,3.0,Gd,Typ,619.0,TA,0,207000
473,RL,10656,AllPub,1Fam,Timber,8,2007,Gd,Gd,1638.0,Ex,1646,0,2.0,Gd,Typ,870.0,TA,0,248900
474,RL,8139,AllPub,1Fam,Gilbert,6,1996,TA,Gd,680.0,Gd,680,790,2.0,TA,Typ,420.0,TA,0,165000
475,RL,6390,AllPub,1Fam,NAmes,6,1954,TA,TA,936.0,TA,984,0,2.0,TA,Typ,280.0,TA,0,112500
476,RL,9450,AllPub,1Fam,NAmes,4,1957,TA,TA,1040.0,TA,1362,0,2.0,TA,Typ,768.0,TA,0,140000
477,RM,6000,AllPub,1Fam,OldTown,3,2002,TA,TA,649.0,Ex,679,504,1.0,TA,Typ,308.0,TA,0,120000
478,RL,215245,AllPub,1Fam,Timber,7,1965,TA,Gd,2136.0,TA,2036,0,4.0,TA,Typ,513.0,TA,0,375000
479,RM,1596,AllPub,Twnhs,MeadowV,4,1973,TA,Gd,462.0,TA,526,462,2.0,TA,Typ,297.0,TA,0,94900
480,RL,11556,AllPub,1Fam,NAmes,5,1952,TA,TA,720.0,Ex,882,0,2.0,Gd,Typ,240.0,TA,0,116000
481,RH,10896,AllPub,2fmCon,SWISU,6,1995,Fa,TA,1440.0,Ex,1440,1440,2.0,Fa,Typ,0.0,,0,200000
482,RM,1920,AllPub,TwnhsE,BrDale,5,1971,TA,TA,765.0,Ex,765,600,2.0,TA,Min1,440.0,TA,0,122500
483,RM,1680,AllPub,Twnhs,BrDale,5,1972,TA,TA,630.0,TA,630,672,2.0,TA,Typ,264.0,TA,0,119500
484,RL,4712,AllPub,1Fam,BrkSide,4,1950,TA,TA,747.0,TA,774,456,2.0,TA,Typ,305.0,TA,0,121600
485,FV,4251,AllPub,TwnhsE,Somerst,7,2007,Gd,Gd,625.0,Ex,625,625,2.0,Gd,Typ,528.0,TA,0,164700
486,RL,10927,AllPub,1Fam,NridgHt,8,2005,Gd,Gd,1058.0,Ex,1058,846,3.0,Ex,Typ,736.0,TA,0,275000
487,RL,8741,AllPub,1Fam,Edwards,6,1950,TA,TA,735.0,TA,798,689,1.0,TA,Typ,220.0,TA,0,113000
488,RL,8973,AllPub,1Fam,NAmes,5,1991,TA,TA,1008.0,TA,1053,0,1.0,Ex,Typ,750.0,TA,0,150000
489,RL,9945,AllPub,1Fam,Sawyer,5,1961,TA,TA,988.0,TA,988,0,2.0,TA,Typ,572.0,TA,0,128500
490,RL,16647,AllPub,1Fam,Sawyer,5,1981,TA,Gd,1390.0,TA,1701,0,3.0,TA,Min2,611.0,TA,0,171000
491,RM,4500,AllPub,TwnhsE,Mitchel,6,1998,TA,Ex,1204.0,Ex,1204,0,3.0,TA,Typ,412.0,TA,0,162000
492,RL,10400,AllPub,1Fam,NWAmes,7,1988,TA,Gd,738.0,TA,1277,767,2.0,TA,Min1,489.0,TA,0,185000
493,RM,3500,AllPub,1Fam,OldTown,5,1950,TA,TA,720.0,TA,720,564,1.0,TA,Typ,240.0,TA,0,110000
494,RL,15660,AllPub,1Fam,Crawfor,7,2006,Gd,TA,798.0,Ex,1137,817,1.0,Gd,Typ,431.0,TA,0,311500
495,RL,10289,AllPub,1Fam,NAmes,5,1965,TA,TA,1073.0,TA,1073,0,2.0,TA,Typ,515.0,TA,0,156000
496,RL,15384,AllPub,1Fam,Gilbert,7,2005,Gd,Gd,788.0,Ex,788,702,3.0,Gd,Typ,388.0,TA,0,184000
497,RM,8635,AllPub,1Fam,BrkSide,5,1950,TA,TA,1072.0,TA,1072,0,2.0,TA,Typ,1184.0,Fa,0,126500
498,RL,8145,AllPub,Duplex,Crawfor,7,1950,TA,TA,920.0,Ex,1240,1240,2.0,TA,Typ,400.0,TA,0,205000
499,RL,9802,AllPub,1Fam,Timber,5,2007,TA,Gd,352.0,Gd,712,730,2.0,TA,Typ,400.0,TA,0,172500
500,RM,1782,AllPub,Twnhs,Blueste,6,1980,TA,Gd,516.0,Gd,529,516,1.0,TA,Typ,462.0,TA,0,123900
501,RL,10410,AllPub,1Fam,OldTown,4,1950,TA,TA,1313.0,TA,1313,0,2.0,Gd,Min2,528.0,TA,0,142900
502,RL,9278,AllPub,1Fam,Mitchel,5,2008,TA,Gd,1092.0,Ex,1092,0,1.0,TA,Typ,0.0,,0,146000
503,RM,1491,AllPub,TwnhsE,MeadowV,4,1972,TA,Gd,630.0,Ex,630,0,2.0,TA,Typ,0.0,,0,75500
504,RL,7200,AllPub,1Fam,CollgCr,4,2006,TA,TA,385.0,Gd,875,0,1.0,Gd,Typ,728.0,TA,0,117000
505,RL,12192,AllPub,1Fam,CollgCr,7,2001,Gd,Gd,928.0,Ex,928,895,3.0,Gd,Typ,626.0,TA,0,235000
506,RM,7407,AllPub,1Fam,OldTown,6,1996,TA,TA,912.0,TA,1236,0,2.0,TA,Typ,923.0,TA,0,149700
507,RL,11200,AllPub,1Fam,Sawyer,5,1965,TA,TA,1040.0,Ex,1040,0,2.0,TA,Typ,384.0,TA,0,129500
508,RL,11000,AllPub,1Fam,Mitchel,5,2003,TA,Gd,1090.0,TA,1178,0,2.0,TA,Typ,502.0,TA,0,135000
509,FV,7500,AllPub,1Fam,Somerst,7,2005,Gd,Gd,1221.0,Ex,1221,0,3.0,Gd,Typ,400.0,TA,0,185000
510,RL,14235,AllPub,1Fam,SawyerW,6,1993,TA,Fa,676.0,TA,831,614,2.0,TA,Typ,484.0,TA,0,138500
511,RM,5250,AllPub,1Fam,OldTown,8,1987,TA,TA,684.0,Fa,938,1215,2.0,TA,Typ,0.0,,0,122000
512,RL,10331,AllPub,1Fam,Timber,7,1985,TA,Gd,1265.0,Gd,1240,0,2.0,Gd,Typ,528.0,TA,0,174000
513,RL,16692,AllPub,1Fam,NWAmes,7,1978,TA,Gd,1392.0,TA,1392,1392,4.0,Gd,Typ,564.0,TA,519,250000
514,RL,9434,AllPub,1Fam,Gilbert,7,2005,Gd,Gd,384.0,Ex,744,630,2.0,Gd,Typ,400.0,TA,0,170000
515,RL,7000,AllPub,1Fam,CollgCr,5,2005,Gd,TA,864.0,Ex,864,0,2.0,TA,Typ,336.0,TA,0,136500
516,RL,9179,AllPub,1Fam,CollgCr,7,1999,Gd,Gd,873.0,Ex,882,908,3.0,Gd,Typ,588.0,TA,0,193000
517,RL,7711,AllPub,Duplex,Edwards,4,1977,TA,Gd,1440.0,TA,1440,0,4.0,TA,Typ,0.0,,0,150000
518,RL,7920,AllPub,1Fam,NAmes,5,2002,TA,TA,914.0,Ex,914,0,1.0,Ex,Typ,368.0,TA,0,133000
519,RM,5680,AllPub,1Fam,OldTown,5,1950,TA,TA,592.0,TA,933,240,2.0,TA,Typ,240.0,TA,0,113000
520,RM,6120,AllPub,1Fam,BrkSide,5,2004,TA,TA,939.0,Ex,939,574,1.0,TA,Typ,180.0,Fa,0,137500
521,RL,10454,AllPub,1Fam,NAmes,6,1957,TA,TA,1105.0,Gd,1105,0,1.0,TA,Typ,308.0,TA,0,135000
522,RL,15783,AllPub,1Fam,OldTown,5,1952,TA,TA,924.0,TA,924,0,1.0,TA,Typ,420.0,TA,0,112500
523,RL,13891,AllPub,1Fam,NridgHt,8,2008,Gd,Ex,1710.0,Ex,1710,0,3.0,Gd,Typ,866.0,TA,0,372402
524,RL,11700,AllPub,1Fam,NWAmes,6,1968,TA,TA,912.0,Ex,1152,0,2.0,TA,Typ,412.0,TA,0,143450
525,RL,6292,AllPub,1Fam,SWISU,6,1950,TA,Gd,768.0,TA,790,0,1.0,TA,Typ,160.0,Fa,0,91000
526,RL,8076,AllPub,1Fam,Gilbert,6,1994,TA,Gd,1160.0,Gd,1169,0,2.0,TA,Typ,402.0,TA,0,183500
527,RL,3869,AllPub,TwnhsE,Edwards,5,1984,Gd,TA,1038.0,Gd,1038,0,2.0,TA,Typ,264.0,TA,0,130000
528,RL,15623,AllPub,1Fam,NoRidge,10,1996,Gd,Ex,2396.0,Ex,2411,2065,4.0,Ex,Typ,813.0,TA,555,745000
529,I (all),56600,AllPub,1Fam,IDOTRR,5,1950,TA,TA,686.0,Ex,1150,686,2.0,TA,Maj1,288.0,TA,0,103000
530,RM,1890,AllPub,TwnhsE,MeadowV,4,1972,TA,TA,546.0,TA,546,546,1.0,TA,Typ,286.0,TA,0,85500
531,C (all),3300,AllPub,1Fam,OldTown,4,1950,TA,TA,624.0,Ex,816,0,1.0,TA,Typ,0.0,,0,58500
532,RL,8877,AllPub,1Fam,Edwards,4,1951,TA,Fa,836.0,TA,1220,0,1.0,TA,Typ,396.0,TA,0,102000
533,RM,5748,AllPub,TwnhsE,Crawfor,8,2006,Gd,Ex,1573.0,Ex,1778,0,4.0,Ex,Typ,495.0,TA,0,375000
534,RL,11388,AllPub,1Fam,Edwards,4,1993,TA,TA,616.0,TA,1055,218,1.0,Gd,Min2,275.0,TA,0,121000
535,RL,10447,AllPub,1Fam,Mitchel,5,1984,TA,TA,864.0,TA,887,0,1.0,TA,Typ,288.0,TA,0,124500
536,RM,10440,AllPub,1Fam,OldTown,6,1950,Gd,Gd,1510.0,Ex,1584,1208,2.0,TA,Mod,520.0,Fa,0,256000
537,RL,9144,AllPub,1Fam,BrkSide,5,1982,TA,TA,883.0,Gd,988,517,2.0,TA,Typ,240.0,TA,0,145000
538,RL,10400,AllPub,1Fam,NWAmes,6,1997,TA,TA,932.0,Gd,1271,1369,2.0,Gd,Typ,515.0,TA,0,256900
539,RL,5118,AllPub,TwnhsE,StoneBr,8,1990,Gd,Gd,1312.0,Gd,1321,0,2.0,Gd,Typ,484.0,TA,0,212000
540,RL,11345,AllPub,Duplex,NAmes,5,1950,TA,TA,928.0,Gd,928,992,2.0,TA,Typ,400.0,TA,0,137000
541,RM,3842,AllPub,TwnhsE,Crawfor,8,2005,Gd,Ex,1594.0,Ex,1646,0,3.0,Gd,Typ,482.0,TA,0,275000
542,RL,12511,AllPub,1Fam,NWAmes,7,1978,Gd,Gd,1420.0,Ex,1420,1420,2.0,Gd,Min2,1314.0,TA,0,292500
543,RL,15584,AllPub,1Fam,ClearCr,5,1956,TA,TA,825.0,Ex,2071,0,1.0,TA,Typ,336.0,TA,0,165000
544,RL,12400,AllPub,1Fam,NAmes,6,1998,TA,TA,1215.0,TA,1215,0,1.0,TA,Typ,297.0,TA,0,155000
545,RL,9600,AllPub,1Fam,NAmes,6,1961,TA,TA,1218.0,TA,1254,0,2.0,TA,Typ,525.0,TA,0,158500
546,RL,14145,AllPub,1Fam,NWAmes,7,1998,Gd,Gd,1208.0,Ex,1621,0,3.0,Gd,Typ,440.0,TA,0,202500
547,RL,17600,AllPub,1Fam,NAmes,6,1960,TA,TA,1478.0,Ex,1478,0,3.0,TA,Typ,498.0,TA,0,157500
548,RM,9576,AllPub,1Fam,OldTown,6,1950,TA,Fa,770.0,TA,885,297,1.0,TA,Typ,378.0,Fa,0,120000
549,RL,8760,AllPub,1Fam,NAmes,6,1999,TA,TA,936.0,TA,936,0,2.0,Gd,Typ,315.0,TA,0,141000
550,FV,4109,AllPub,TwnhsE,Somerst,9,2000,Gd,Gd,1557.0,Ex,1557,0,3.0,Ex,Typ,484.0,TA,0,305000
551,RL,13072,AllPub,1Fam,SawyerW,5,2004,TA,Gd,1114.0,Ex,1114,0,1.0,Gd,Typ,0.0,,0,142000
552,RL,26400,AllPub,1Fam,SawyerW,5,2007,Gd,,0.0,Ex,1288,728,1.0,TA,Mod,576.0,TA,0,131000
553,RL,13400,AllPub,1Fam,NAmes,5,1966,TA,TA,1024.0,TA,1086,0,2.0,TA,Typ,484.0,TA,0,159950
554,RL,11194,AllPub,1Fam,Somerst,8,2008,Gd,Gd,1696.0,Ex,1696,0,2.0,Gd,Typ,972.0,TA,0,275000
555,RL,8778,AllPub,1Fam,Somerst,8,2006,Gd,Gd,1302.0,Ex,1302,528,2.0,Gd,Typ,859.0,TA,0,221300
556,RL,6762,AllPub,1Fam,CollgCr,7,2007,Gd,Gd,1208.0,Ex,1208,0,3.0,Gd,Typ,628.0,TA,0,195400
557,RL,9158,AllPub,1Fam,Somerst,8,2007,Gd,Gd,1496.0,Ex,1496,0,2.0,Gd,Typ,474.0,TA,0,225000
558,RL,10667,AllPub,1Fam,NAmes,6,1971,TA,TA,1587.0,TA,1587,0,2.0,TA,Typ,525.0,TA,0,167300
559,RL,7728,AllPub,Duplex,NAmes,5,1962,TA,TA,1106.0,TA,1190,0,2.0,TA,Typ,540.0,TA,0,132500
560,RL,7301,AllPub,1Fam,Edwards,7,2003,Gd,,0.0,Ex,495,1427,3.0,Gd,Typ,672.0,TA,0,198500
561,C (all),10200,AllPub,1Fam,IDOTRR,4,1950,TA,TA,572.0,Fa,572,0,1.0,TA,Typ,200.0,TA,0,75000
562,RL,9750,AllPub,1Fam,CollgCr,7,2004,Gd,Gd,1445.0,Ex,1445,0,2.0,Gd,Typ,470.0,TA,0,186500
563,RL,9000,AllPub,1Fam,NWAmes,6,1969,TA,TA,1216.0,TA,1216,0,2.0,TA,Typ,336.0,TA,0,113000
564,RL,7440,AllPub,1Fam,Edwards,5,1954,TA,Gd,1089.0,TA,1089,0,2.0,TA,Typ,252.0,TA,0,125000
565,RL,10624,AllPub,Duplex,NAmes,5,1964,TA,TA,1728.0,TA,1728,0,2.0,TA,Typ,352.0,TA,0,119000
566,RL,8400,AllPub,1Fam,NAmes,5,1955,TA,TA,923.0,TA,925,0,2.0,TA,Typ,390.0,TA,0,116900
567,RL,7655,AllPub,1Fam,Gilbert,6,1994,TA,Gd,903.0,Gd,910,732,2.0,TA,Typ,392.0,TA,0,168000
568,RL,9037,AllPub,1Fam,Timber,8,2006,Gd,Gd,1476.0,Ex,1484,0,2.0,Ex,Typ,472.0,TA,0,265900
569,RL,7226,AllPub,1Fam,CollgCr,7,2003,Gd,Gd,798.0,Ex,798,842,2.0,Gd,Typ,595.0,TA,0,183000
570,RL,10368,AllPub,1Fam,NAmes,6,1964,TA,TA,1008.0,Ex,1488,0,2.0,TA,Typ,430.0,TA,0,167000
571,RM,9600,AllPub,1Fam,OldTown,7,1990,TA,TA,728.0,Ex,832,809,1.0,Ex,Typ,546.0,Fa,0,178000
572,RL,10264,AllPub,1Fam,CollgCr,7,1999,Gd,Gd,1588.0,Ex,1588,0,2.0,Gd,Typ,472.0,TA,0,214000
573,RL,8500,AllPub,1Fam,CollgCr,7,2004,Gd,Gd,1422.0,Ex,1422,0,2.0,Gd,Typ,626.0,TA,0,179600
574,C (all),8712,AllPub,1Fam,IDOTRR,4,1950,Fa,TA,756.0,Gd,952,0,1.0,TA,Typ,330.0,TA,0,50138
575,RL,9600,AllPub,1Fam,Sawyer,4,1995,TA,Gd,1067.0,TA,1067,0,2.0,Gd,Min2,436.0,TA,0,128000
576,RL,12392,AllPub,1Fam,Crawfor,7,2000,TA,TA,832.0,Ex,1218,943,3.0,Gd,Typ,506.0,TA,0,263400
577,RL,9680,AllPub,1Fam,NAmes,5,1967,TA,TA,1510.0,Ex,1510,0,3.0,Gd,Typ,517.0,TA,0,178900
578,RL,9926,AllPub,1Fam,NridgHt,7,2006,Gd,Gd,1614.0,Ex,1614,0,3.0,Gd,Typ,878.0,TA,0,245700
579,RL,9600,AllPub,1Fam,NAmes,5,2007,Gd,TA,1113.0,Gd,1113,0,1.0,Gd,Typ,264.0,TA,0,147000
580,FV,3523,AllPub,TwnhsE,Somerst,8,2007,Gd,Gd,1141.0,Ex,1151,0,3.0,Gd,Typ,484.0,TA,0,166000
581,RL,7830,AllPub,1Fam,NAmes,5,1970,TA,TA,1180.0,TA,1180,0,1.0,TA,Typ,477.0,TA,0,128000
582,RL,14122,AllPub,1Fam,NridgHt,8,2006,Gd,Ex,1822.0,Ex,1822,0,2.0,Ex,Typ,678.0,TA,0,259000
583,RL,7750,AllPub,1Fam,Gilbert,7,2000,TA,Gd,384.0,Ex,774,656,2.0,TA,Typ,400.0,TA,0,180000
584,RL,10593,AllPub,1Fam,NoRidge,7,1996,Gd,Gd,1720.0,Ex,1720,0,3.0,Gd,Typ,527.0,TA,0,260400
585,RL,10324,AllPub,1Fam,CollgCr,8,2008,Gd,Gd,1254.0,Ex,1254,0,3.0,Gd,Typ,810.0,TA,0,221800
586,RM,4435,AllPub,TwnhsE,CollgCr,6,2003,Gd,Gd,848.0,Ex,848,0,2.0,Gd,Typ,420.0,TA,0,136500
587,RM,9600,AllPub,1Fam,OldTown,4,1950,Gd,Fa,677.0,TA,833,677,2.0,Gd,Typ,720.0,TA,0,87500
588,FV,4538,AllPub,TwnhsE,Somerst,9,2001,Gd,Ex,1310.0,Ex,1310,0,2.0,Gd,Typ,545.0,TA,0,285000
589,RL,13600,AllPub,1Fam,NAmes,7,1990,TA,TA,768.0,TA,1186,800,2.0,TA,Typ,486.0,TA,0,205000
590,RL,16285,AllPub,1Fam,CollgCr,7,2002,Gd,Gd,1413.0,Ex,1430,0,2.0,Gd,Typ,605.0,TA,0,187100
591,RL,9790,AllPub,1Fam,NWAmes,6,1967,TA,TA,1372.0,TA,1342,0,2.0,TA,Typ,457.0,TA,0,161500
592,RL,9200,AllPub,1Fam,NAmes,6,1965,TA,TA,1136.0,TA,1136,0,2.0,TA,Typ,384.0,TA,0,140000
593,RL,9317,AllPub,1Fam,CollgCr,6,2006,Gd,Gd,1314.0,Gd,1314,0,2.0,Gd,Typ,440.0,TA,0,176432
594,RM,18386,AllPub,1Fam,OldTown,7,2002,TA,TA,1470.0,Ex,1675,1818,3.0,Gd,Typ,870.0,TA,0,295000
595,RL,12350,AllPub,1Fam,NridgHt,9,2008,Ex,Ex,2020.0,Ex,2020,0,3.0,Ex,Typ,896.0,TA,0,404000
596,RL,8172,AllPub,1Fam,Edwards,4,1955,TA,TA,768.0,TA,768,0,1.0,TA,Typ,355.0,TA,0,125000
597,RL,8314,AllPub,1Fam,Mitchel,5,1982,TA,TA,816.0,TA,816,0,1.0,TA,Typ,264.0,TA,0,124500
598,RL,7931,AllPub,1Fam,NAmes,5,1960,TA,TA,1269.0,TA,1269,0,1.0,TA,Typ,308.0,TA,0,155000
599,RL,11900,AllPub,1Fam,NWAmes,7,1977,TA,TA,1386.0,TA,1411,0,2.0,TA,Typ,544.0,TA,0,82500
600,C (all),8500,AllPub,1Fam,IDOTRR,4,1950,TA,TA,649.0,TA,649,668,1.0,TA,Typ,250.0,TA,0,40000
601,RL,5063,AllPub,Twnhs,NridgHt,7,2008,Gd,Gd,1314.0,Ex,1314,0,3.0,Gd,Typ,626.0,TA,0,207500
602,RL,11200,AllPub,1Fam,SawyerW,6,1985,Gd,Gd,1298.0,TA,1298,0,3.0,Gd,Typ,403.0,TA,0,180000
603,RL,8982,AllPub,1Fam,CollgCr,5,1977,TA,Gd,1040.0,TA,1040,0,1.0,TA,Typ,748.0,TA,0,134900
604,RL,11241,AllPub,1Fam,NAmes,6,1970,TA,TA,1004.0,Ex,1004,0,2.0,TA,Typ,480.0,TA,0,149000
605,RL,13650,AllPub,1Fam,Sawyer,5,1958,Gd,TA,1052.0,Ex,1252,668,3.0,Gd,Typ,451.0,TA,0,172500
606,RL,4280,AllPub,1Fam,Crawfor,5,2002,TA,TA,440.0,TA,694,0,1.0,Gd,Typ,352.0,Gd,0,90350
607,RM,1470,AllPub,Twnhs,MeadowV,4,1970,TA,Gd,630.0,TA,630,0,2.0,TA,Typ,0.0,,0,73000
608,RL,13041,AllPub,1Fam,Gilbert,6,1995,TA,Gd,781.0,Gd,781,890,2.0,TA,Typ,423.0,TA,0,170000
609,RL,9825,AllPub,1Fam,Edwards,5,1967,TA,Gd,936.0,Gd,936,0,2.0,TA,Typ,384.0,TA,0,118500
610,RL,12798,AllPub,1Fam,ClearCr,6,1997,TA,Gd,616.0,Gd,616,1072,3.0,Gd,Typ,603.0,TA,0,200000
611,RL,13641,AllPub,1Fam,NridgHt,9,2007,Ex,Ex,1934.0,Ex,1943,713,3.0,Ex,Typ,1040.0,TA,0,492000
612,RL,12438,AllPub,1Fam,StoneBr,8,2006,Ex,Ex,1234.0,Ex,1264,1312,2.0,Ex,Typ,666.0,TA,0,361919
613,RL,10936,AllPub,1Fam,Gilbert,7,2006,Gd,Gd,1510.0,Ex,1525,0,2.0,Gd,Typ,534.0,TA,0,206580
614,RL,9525,AllPub,1Fam,Edwards,6,1972,TA,TA,994.0,Gd,1216,639,2.0,TA,Typ,325.0,TA,0,136900
615,RL,2448,AllPub,Twnhs,NridgHt,7,2004,Gd,Gd,764.0,Ex,764,862,3.0,Gd,Typ,474.0,TA,0,154000
616,RL,11058,AllPub,1Fam,CollgCr,7,2007,Gd,Gd,1564.0,Ex,1564,0,2.0,Gd,Typ,814.0,TA,0,218836
617,RM,6120,AllPub,1Fam,BrkSide,5,1950,TA,TA,768.0,TA,1015,0,1.0,TA,Min1,450.0,TA,0,88000
618,RL,10382,AllPub,2fmCon,NAmes,6,1958,TA,TA,588.0,TA,1095,0,2.0,TA,Typ,264.0,TA,0,140000
619,RL,8170,AllPub,1Fam,Crawfor,7,1950,Gd,TA,1022.0,Ex,1122,549,2.0,TA,Typ,451.0,TA,0,218000
620,RM,9000,AllPub,1Fam,IDOTRR,5,1950,TA,TA,610.0,Ex,819,0,1.0,Gd,Typ,0.0,,0,72000
621,RM,4118,AllPub,1Fam,OldTown,4,1950,TA,TA,693.0,Fa,693,0,1.0,Fa,Typ,0.0,,0,52500
622,RL,16033,AllPub,1Fam,NridgHt,9,2005,Gd,Ex,1833.0,Ex,1850,0,3.0,Gd,Typ,772.0,TA,0,326000
623,RL,9375,AllPub,1Fam,CollgCr,8,2002,Gd,Gd,1284.0,Ex,1284,885,2.0,Gd,Typ,647.0,TA,0,228500
624,RM,6000,AllPub,1Fam,BrkSide,6,1950,TA,TA,572.0,Ex,848,348,1.0,TA,Typ,576.0,TA,0,128000
625,RM,6000,AllPub,1Fam,OldTown,4,2000,TA,TA,901.0,Ex,901,0,1.0,TA,Typ,281.0,Fa,0,107900
626,RL,7200,AllPub,1Fam,CollgCr,5,2000,TA,TA,864.0,Gd,864,0,2.0,Ex,Typ,576.0,Gd,0,127000
627,RL,10481,AllPub,1Fam,CollgCr,8,2007,Gd,Gd,2140.0,Ex,2140,0,2.0,Gd,Typ,894.0,TA,0,360000
628,RL,6285,AllPub,1Fam,Edwards,6,1976,TA,TA,960.0,TA,1044,0,2.0,TA,Typ,528.0,TA,0,133500
629,RL,47007,AllPub,1Fam,Edwards,5,1996,TA,,0.0,TA,3820,0,3.0,Ex,Typ,624.0,TA,0,284700
630,RL,8199,AllPub,1Fam,CollgCr,7,2005,Gd,Gd,728.0,Ex,728,728,3.0,Gd,Typ,410.0,TA,0,189000
631,RL,11214,AllPub,1Fam,Gilbert,7,1999,Gd,Gd,930.0,Gd,956,930,2.0,Gd,Typ,431.0,TA,0,199900
632,RL,15256,AllPub,1Fam,Somerst,8,2007,Gd,Gd,1485.0,Ex,1464,0,3.0,Gd,Typ,754.0,TA,0,282922
633,RL,6500,AllPub,1Fam,Edwards,6,1976,TA,TA,1127.0,TA,1127,0,1.0,TA,Typ,480.0,TA,0,135000
634,RM,11851,AllPub,1Fam,OldTown,5,2009,TA,TA,1027.0,Ex,1027,606,1.0,Gd,Typ,240.0,TA,0,129000
635,RL,15611,AllPub,1Fam,NWAmes,5,1977,TA,Gd,1126.0,TA,1126,0,2.0,Ex,Typ,540.0,TA,0,175000
636,RL,29959,AllPub,1Fam,NoRidge,7,1994,Gd,Gd,973.0,Ex,979,871,2.0,Gd,Typ,467.0,TA,0,248000
637,RL,12864,AllPub,1Fam,Mitchel,7,2002,Gd,Gd,1409.0,Ex,1409,0,2.0,Gd,Typ,576.0,TA,0,245000
638,RL,10041,AllPub,1Fam,SawyerW,8,1992,Gd,Gd,908.0,Ex,927,988,3.0,Gd,Typ,506.0,TA,0,220000
639,RL,9900,AllPub,1Fam,NAmes,6,1967,Gd,TA,1680.0,TA,1691,0,2.0,TA,Typ,550.0,Gd,0,175000
640,RM,9900,AllPub,1Fam,OldTown,6,1950,TA,TA,1008.0,TA,1178,1032,2.0,Fa,Typ,205.0,Fa,0,117500
641,RL,10437,AllPub,1Fam,NoRidge,8,1995,Gd,Gd,2109.0,Ex,2113,0,3.0,Gd,Typ,839.0,TA,0,350000
642,RL,10000,AllPub,1Fam,NWAmes,5,2000,TA,Gd,1176.0,Gd,1178,0,1.0,Gd,Typ,439.0,TA,0,157000
643,RL,11025,AllPub,1Fam,NoRidge,8,1993,Gd,Ex,1334.0,Ex,1520,1306,3.0,Gd,Typ,888.0,TA,0,334000
644,RM,5232,AllPub,1Fam,OldTown,5,2004,TA,Fa,680.0,Gd,764,0,1.0,TA,Typ,504.0,TA,0,73000
645,RH,4500,AllPub,1Fam,SWISU,5,2000,TA,TA,793.0,Ex,848,672,1.0,TA,Typ,281.0,TA,0,159434
646,RM,7630,AllPub,2fmCon,OldTown,5,1996,TA,Gd,360.0,Gd,1032,780,2.0,Gd,Typ,672.0,TA,0,140000
647,RL,10930,AllPub,1Fam,NAmes,5,1950,TA,TA,913.0,TA,1048,510,2.0,TA,Typ,288.0,TA,0,140000
648,RL,9600,AllPub,1Fam,Crawfor,5,1950,Gd,TA,728.0,Ex,976,332,2.0,TA,Min2,256.0,TA,0,160000
649,RM,12358,AllPub,1Fam,OldTown,5,1950,TA,TA,720.0,TA,854,0,1.0,TA,Typ,660.0,TA,0,128500
650,RM,2665,AllPub,TwnhsE,MeadowV,5,1977,TA,TA,757.0,Ex,925,550,2.0,TA,Typ,336.0,TA,0,127000
651,RM,7745,AllPub,2fmCon,OldTown,4,1950,Gd,TA,938.0,Gd,1084,867,2.0,Fa,Typ,576.0,TA,0,111500
652,RL,14850,AllPub,1Fam,NAmes,5,1957,TA,TA,1092.0,TA,1092,0,2.0,TA,Typ,299.0,TA,0,141000
653,RL,9157,AllPub,1Fam,Timber,7,2003,Gd,Gd,912.0,Ex,1072,942,2.0,Gd,Typ,486.0,TA,0,170000
654,RL,8800,AllPub,1Fam,NAmes,7,1966,TA,TA,1174.0,Ex,1200,0,2.0,TA,Typ,440.0,TA,0,163500
655,RM,1950,AllPub,Twnhs,Blueste,6,1980,TA,Gd,716.0,TA,716,840,3.0,TA,Typ,452.0,TA,0,151000
656,RL,6264,AllPub,1Fam,StoneBr,8,1997,Gd,Ex,1664.0,Ex,1682,0,2.0,Gd,Min1,528.0,TA,0,247900
657,RM,10690,AllPub,1Fam,IDOTRR,5,1997,TA,TA,672.0,Gd,672,672,1.0,TA,Typ,468.0,TA,0,147000
658,RL,10800,AllPub,1Fam,OldTown,5,1999,TA,Gd,736.0,Ex,751,783,1.0,Gd,Typ,0.0,,0,148000
659,RL,11029,AllPub,1Fam,NAmes,6,2002,Ex,Gd,1184.0,Ex,1414,0,2.0,TA,Min1,601.0,TA,0,176500
660,RM,5720,AllPub,1Fam,OldTown,5,1950,TA,TA,676.0,Ex,676,455,1.0,TA,Typ,200.0,TA,0,66500
661,RL,8658,AllPub,1Fam,Gilbert,6,2000,TA,Gd,982.0,Ex,1008,881,2.0,TA,Typ,431.0,TA,0,215000
662,RL,12011,AllPub,1Fam,NoRidge,8,1998,Gd,Gd,1086.0,Ex,1086,838,3.0,Gd,Typ,592.0,TA,0,280000
663,RL,21299,AllPub,1Fam,NAmes,7,1963,Gd,TA,929.0,Ex,2039,0,2.0,TA,Min1,791.0,TA,0,167000
664,RL,35133,AllPub,1Fam,Timber,5,1963,TA,TA,1572.0,Gd,1572,0,2.0,TA,Typ,995.0,TA,0,186700
665,RL,11950,AllPub,1Fam,Gilbert,7,2003,Gd,Gd,384.0,Ex,754,640,2.0,Gd,Typ,400.0,TA,0,165500
666,RL,9171,AllPub,1Fam,Gilbert,7,2005,Gd,Gd,848.0,Ex,848,750,2.0,Gd,Typ,433.0,TA,0,201490
667,RL,13068,AllPub,1Fam,NWAmes,6,1976,TA,Gd,1211.0,TA,1211,0,3.0,Gd,Typ,461.0,TA,0,161000
668,C (all),9000,AllPub,2fmCon,IDOTRR,5,1951,Fa,TA,660.0,TA,1060,336,2.0,TA,Min2,0.0,,0,115000
669,RL,9100,AllPub,1Fam,Sawyer,5,1962,TA,TA,988.0,Ex,988,0,2.0,TA,Typ,624.0,TA,0,129500
670,RL,10928,AllPub,1Fam,Gilbert,7,2005,Gd,Gd,728.0,Ex,728,728,2.0,Gd,Typ,390.0,TA,0,184000
671,RM,1680,AllPub,Twnhs,BrDale,6,1973,TA,TA,483.0,TA,483,504,2.0,TA,Typ,264.0,TA,0,111000
672,RL,7200,AllPub,1Fam,NAmes,5,1967,TA,TA,768.0,Gd,1024,564,1.0,TA,Typ,480.0,TA,0,150000
673,RM,6240,AllPub,1Fam,IDOTRR,4,1950,TA,TA,780.0,TA,848,0,1.0,TA,Typ,539.0,TA,0,103000
674,RL,9600,AllPub,1Fam,NAmes,5,2006,TA,TA,572.0,Gd,1337,0,2.0,Gd,Typ,264.0,TA,0,141500
675,RL,7750,AllPub,1Fam,Gilbert,7,2002,Gd,Gd,707.0,Ex,707,707,2.0,Gd,Typ,403.0,TA,0,176000
676,RL,9760,AllPub,1Fam,NAmes,6,1993,TA,TA,822.0,Gd,1020,831,2.0,Gd,Typ,440.0,TA,0,187000
677,RL,11075,AllPub,1Fam,NAmes,6,1969,TA,Fa,952.0,TA,1092,1020,2.0,TA,Typ,576.0,TA,0,206900
678,RL,4054,AllPub,TwnhsE,Timber,7,1987,Gd,Gd,1501.0,Ex,1501,0,3.0,Gd,Typ,512.0,TA,0,244000
679,RL,3903,AllPub,Twnhs,NridgHt,6,2006,Gd,Gd,1302.0,Ex,1302,0,2.0,Gd,Typ,631.0,TA,0,200000
680,RL,8990,AllPub,1Fam,CollgCr,7,2006,Gd,Gd,1498.0,Ex,1498,0,2.0,Gd,Typ,675.0,TA,0,204900
681,RL,13008,AllPub,1Fam,NAmes,6,1956,TA,Fa,882.0,TA,882,0,1.0,TA,Typ,502.0,TA,0,124500
682,RL,9360,AllPub,1Fam,Edwards,6,2001,Gd,TA,621.0,TA,621,648,1.0,TA,Typ,280.0,TA,0,134500
683,RL,5814,AllPub,TwnhsE,StoneBr,8,1984,Gd,Gd,1220.0,Gd,1360,0,2.0,Gd,Typ,565.0,TA,0,187500
684,RL,7609,AllPub,1Fam,Crawfor,8,1997,Gd,Fa,798.0,Ex,798,714,3.0,Gd,Typ,180.0,TA,0,231000
685,RL,9245,AllPub,1Fam,CollgCr,5,1995,TA,Gd,990.0,Ex,990,0,1.0,TA,Typ,672.0,TA,0,145000
686,RM,8546,AllPub,1Fam,Edwards,4,2004,TA,Gd,1121.0,Ex,1121,0,2.0,TA,Typ,440.0,TA,0,140000
687,RL,11850,AllPub,1Fam,NWAmes,6,1984,TA,Gd,1153.0,TA,1177,0,2.0,Gd,Typ,495.0,TA,0,151500
688,RL,13472,AllPub,1Fam,NridgHt,10,2003,Ex,Ex,2392.0,Ex,2392,0,2.0,Ex,Typ,968.0,TA,0,386250
689,RL,6993,AllPub,1Fam,Sawyer,5,1994,TA,TA,912.0,TA,1236,0,1.0,TA,Typ,288.0,TA,0,135000
690,RM,7758,AllPub,1Fam,IDOTRR,7,1950,TA,TA,1040.0,Ex,1226,592,1.0,TA,Typ,240.0,TA,0,169500
691,RL,7000,AllPub,1Fam,NAmes,5,2002,TA,TA,1010.0,Ex,1134,0,1.0,TA,Typ,254.0,TA,0,135000
692,RL,8991,AllPub,1Fam,NWAmes,7,1976,TA,Gd,1228.0,TA,1324,0,2.0,Gd,Typ,585.0,TA,0,174000
693,RL,9042,AllPub,1Fam,Crawfor,7,2006,Ex,TA,1152.0,Ex,1188,1152,2.0,Gd,Typ,252.0,TA,0,266500
694,RL,17227,AllPub,1Fam,CollgCr,8,2000,Gd,Gd,1341.0,Ex,1341,0,2.0,Gd,Typ,482.0,TA,0,246900
695,RM,6900,AllPub,1Fam,IDOTRR,5,1955,TA,TA,740.0,Ex,778,0,1.0,TA,Typ,924.0,Ex,0,120500
696,FV,2544,AllPub,Twnhs,Somerst,7,2005,Gd,Gd,600.0,Ex,600,600,3.0,Gd,Typ,480.0,TA,0,149500
697,RL,17423,AllPub,1Fam,StoneBr,9,2009,Ex,Ex,2216.0,Ex,2234,0,3.0,Ex,Typ,1166.0,TA,0,501837
698,RM,5160,AllPub,1Fam,IDOTRR,4,1950,TA,Gd,858.0,TA,892,0,2.0,Gd,Min2,0.0,,0,70000
699,FV,10207,AllPub,1Fam,Somerst,7,2007,Gd,Gd,874.0,Ex,874,887,3.0,Gd,Typ,578.0,TA,0,227875
700,RL,9670,AllPub,1Fam,Crawfor,8,1950,TA,TA,608.0,TA,983,890,1.0,TA,Typ,786.0,Fa,0,257076
701,RM,4426,AllPub,TwnhsE,CollgCr,6,2004,Gd,Gd,848.0,Ex,848,0,2.0,Gd,Typ,420.0,TA,0,145000
702,RL,14200,AllPub,1Fam,NAmes,7,1966,TA,TA,924.0,Ex,1216,941,2.0,Gd,Typ,487.0,TA,0,226000
703,RL,7800,AllPub,1Fam,NAmes,5,1954,TA,TA,1268.0,Gd,1268,0,1.0,TA,Typ,244.0,TA,0,132000
704,RL,5306,AllPub,TwnhsE,StoneBr,7,1987,Gd,Gd,1064.0,Gd,1064,703,3.0,Gd,Typ,504.0,Gd,0,239000
705,RL,11317,AllPub,1Fam,CollgCr,7,2003,Gd,Gd,840.0,Ex,840,828,2.0,Gd,Typ,500.0,TA,0,180000
706,RM,3000,AllPub,Duplex,OldTown,5,1950,TA,TA,1040.0,TA,1088,1040,2.0,TA,Sev,0.0,,0,62500
707,RL,7056,AllPub,1Fam,NAmes,6,1963,TA,TA,780.0,TA,983,813,2.0,TA,Typ,483.0,TA,0,140000
708,RL,12030,AllPub,1Fam,NridgHt,8,2007,Ex,Ex,1694.0,Ex,1694,0,2.0,Gd,Typ,818.0,TA,0,318000
709,RL,9000,AllPub,1Fam,NAmes,4,1971,TA,TA,864.0,TA,864,0,1.0,TA,Typ,528.0,TA,0,120500
710,RL,18265,AllPub,1Fam,Timber,6,1986,Gd,Gd,1256.0,Ex,1256,0,2.0,Gd,Typ,578.0,TA,0,180000
711,RL,12227,AllPub,1Fam,NWAmes,6,1995,TA,Gd,1330.0,TA,1542,1330,3.0,TA,Typ,619.0,TA,0,272000
712,FV,4230,AllPub,TwnhsE,Somerst,7,2007,Gd,Ex,1352.0,Ex,1352,0,2.0,Gd,Typ,466.0,TA,0,208900
713,RL,9000,AllPub,1Fam,Sawyer,5,1959,TA,TA,1006.0,TA,1006,0,1.0,TA,Typ,0.0,,0,80000
714,RL,9100,AllPub,1Fam,NAmes,5,1960,TA,TA,1144.0,TA,1144,0,1.0,TA,Typ,336.0,TA,0,120000
715,RM,6406,AllPub,1Fam,OldTown,5,1950,TA,TA,690.0,TA,868,690,1.0,TA,Typ,400.0,TA,0,150000
716,RL,9291,AllPub,1Fam,SawyerW,6,1993,Gd,Gd,832.0,Ex,832,878,2.0,Gd,Typ,506.0,TA,0,187000
717,RL,4923,AllPub,TwnhsE,StoneBr,8,2002,Gd,Ex,1593.0,Ex,1593,0,2.0,Ex,Typ,682.0,TA,0,286000
718,RL,5664,AllPub,TwnhsE,StoneBr,8,2000,Gd,Gd,1501.0,Ex,1659,0,3.0,Ex,Typ,499.0,TA,0,278000
719,RM,5600,AllPub,2fmCon,IDOTRR,4,1950,Fa,,0.0,Fa,372,720,2.0,Fa,Mod,0.0,,0,55000
720,RL,10890,AllPub,Duplex,SWISU,5,1950,TA,TA,1296.0,Fa,1296,1296,4.0,TA,Min2,0.0,,0,150000
721,RL,21695,AllPub,1Fam,Crawfor,6,2007,Gd,Gd,880.0,Ex,1680,0,3.0,Gd,Typ,540.0,TA,0,222000
722,RM,2217,AllPub,TwnhsE,MeadowV,4,1970,TA,TA,546.0,TA,546,546,1.0,TA,Typ,286.0,TA,0,88000
723,RL,2938,AllPub,TwnhsE,Blmngtn,7,2002,Gd,Gd,1368.0,Ex,1511,0,3.0,Gd,Typ,398.0,TA,0,246990
724,RM,4080,AllPub,1Fam,OldTown,6,1998,TA,TA,901.0,Gd,861,517,1.0,Gd,Typ,162.0,Fa,0,128900
725,RL,5470,AllPub,1Fam,OldTown,3,1958,TA,TA,792.0,Gd,792,0,1.0,TA,Typ,366.0,Fa,0,99900
726,RL,8810,AllPub,1Fam,CollgCr,7,2003,Gd,Gd,1390.0,Ex,1390,0,3.0,Gd,Typ,545.0,TA,0,207000
727,RL,8280,AllPub,1Fam,NAmes,6,1950,TA,TA,932.0,Ex,932,0,1.0,Gd,Typ,306.0,TA,0,124000
728,RL,9900,AllPub,1Fam,SWISU,6,1950,TA,TA,778.0,TA,944,545,2.0,TA,Typ,240.0,TA,0,139500
729,RL,7892,AllPub,TwnhsE,SawyerW,6,1979,TA,Gd,918.0,TA,918,0,2.0,TA,Typ,264.0,TA,0,99500
730,RL,9675,AllPub,1Fam,CollgCr,5,1975,TA,TA,864.0,TA,879,0,1.0,TA,Typ,440.0,TA,0,120000
731,RL,12878,AllPub,1Fam,NridgHt,7,2004,Gd,Gd,1760.0,Ex,1760,0,3.0,Gd,Typ,583.0,TA,0,269500
732,RL,5389,AllPub,TwnhsE,StoneBr,8,1996,Gd,Gd,1595.0,Ex,1616,0,3.0,Gd,Typ,608.0,TA,0,236500
733,RL,9360,AllPub,1Fam,Mitchel,6,1977,TA,Gd,957.0,TA,1287,0,2.0,TA,Typ,541.0,TA,0,173000
734,RL,11957,AllPub,1Fam,Somerst,8,2006,Gd,Gd,1574.0,Ex,1574,0,2.0,Gd,Typ,824.0,TA,0,232000
735,RL,10990,AllPub,1Fam,NoRidge,7,1997,Gd,Ex,1064.0,Ex,1064,1061,3.0,Gd,Typ,576.0,TA,0,279500
736,RL,12677,AllPub,TwnhsE,NridgHt,8,2004,Ex,Ex,1518.0,Ex,1518,0,1.0,Ex,Typ,588.0,TA,0,274000
737,RL,11920,AllPub,1Fam,SawyerW,7,2004,Gd,Gd,831.0,Ex,831,828,2.0,Gd,Typ,484.0,TA,0,181000
738,RL,4590,AllPub,Twnhs,NridgHt,8,2006,Gd,Gd,1554.0,Ex,1554,0,2.0,Gd,Typ,627.0,TA,0,209500
739,RL,7024,AllPub,1Fam,Edwards,5,2006,TA,Ex,1090.0,Gd,1090,0,2.0,TA,Typ,450.0,TA,0,157000
740,RL,10150,AllPub,1Fam,NAmes,5,1958,TA,TA,912.0,Ex,912,0,1.0,TA,Typ,275.0,TA,0,114500
741,RM,6120,AllPub,1Fam,BrkSide,2,1950,Fa,TA,264.0,Fa,800,0,1.0,Fa,Maj1,0.0,,0,60000
742,FV,7862,AllPub,1Fam,Somerst,6,2009,Gd,Gd,1218.0,Ex,1218,0,2.0,Gd,Typ,676.0,TA,0,208300
743,RL,22136,AllPub,2fmCon,OldTown,5,1975,TA,TA,2171.0,TA,1392,1248,4.0,TA,Maj1,1008.0,TA,0,180000
744,RL,8529,AllPub,1Fam,SawyerW,7,2001,Gd,Gd,1454.0,Ex,1434,0,2.0,Gd,Typ,527.0,TA,0,189000
745,RL,8803,AllPub,1Fam,Gilbert,6,1995,TA,Gd,707.0,Gd,707,809,3.0,Gd,Typ,409.0,TA,0,181316
746,RL,15401,AllPub,1Fam,StoneBr,9,2004,Ex,Ex,1884.0,Ex,1884,0,3.0,Ex,Typ,670.0,TA,0,387000
747,RL,32668,AllPub,1Fam,Crawfor,6,1975,Gd,TA,2035.0,TA,2515,0,4.0,TA,Maj1,484.0,TA,0,200624
748,RL,7155,AllPub,1Fam,Crawfor,7,1990,TA,TA,600.0,Ex,628,600,1.0,TA,Typ,215.0,Fa,0,137000
749,RL,10400,AllPub,1Fam,NWAmes,6,1976,TA,TA,1444.0,TA,1444,0,2.0,TA,Typ,473.0,TA,0,159900
750,RL,8125,AllPub,1Fam,NAmes,4,1971,TA,TA,858.0,TA,858,0,1.0,TA,Typ,0.0,,0,88000
751,RL,14210,AllPub,1Fam,Crawfor,6,1959,TA,TA,697.0,Ex,1104,697,1.0,TA,Typ,365.0,Fa,0,210000
752,RL,9206,AllPub,1Fam,SawyerW,6,1985,Gd,Gd,741.0,TA,977,755,2.0,Gd,Typ,476.0,TA,0,178000
753,RL,6285,AllPub,1Fam,Sawyer,5,1977,TA,Gd,894.0,TA,894,0,2.0,TA,Typ,308.0,TA,0,120750
754,RL,17808,AllPub,1Fam,Edwards,4,1950,TA,TA,484.0,TA,1242,0,1.0,TA,Mod,336.0,TA,0,109900
755,FV,4274,AllPub,TwnhsE,Somerst,7,2007,Gd,Gd,1241.0,Ex,1241,0,2.0,Gd,Typ,569.0,TA,0,199900
756,RL,10000,AllPub,1Fam,CollgCr,8,1996,Gd,Gd,1220.0,Ex,1220,870,3.0,Gd,Typ,556.0,TA,0,240000
757,RL,11924,AllPub,1Fam,NridgHt,9,2006,Ex,Ex,1175.0,Ex,1182,1142,4.0,Ex,Typ,736.0,TA,0,345000
758,RL,9000,AllPub,1Fam,NAmes,6,1956,TA,Gd,1196.0,Gd,1196,0,2.0,TA,Typ,297.0,TA,0,139000
759,A (agr),14584,AllPub,1Fam,IDOTRR,1,1952,Fa,,0.0,Po,733,0,1.0,Fa,Sal,487.0,Fa,0,13100
760,RL,11382,AllPub,1Fam,NAmes,6,1964,TA,TA,1130.0,TA,1374,0,1.0,TA,Typ,286.0,TA,0,147000
761,RL,14450,AllPub,1Fam,NWAmes,7,1979,Gd,Gd,1782.0,TA,1782,0,2.0,Gd,Typ,551.0,TA,0,220000
762,RM,6000,AllPub,1Fam,BrkSide,6,1950,TA,TA,739.0,Ex,874,468,2.0,TA,Typ,240.0,TA,0,105000
763,RL,11900,AllPub,1Fam,NAmes,6,1957,TA,TA,1392.0,TA,1392,0,2.0,TA,Typ,458.0,TA,0,166000
764,RM,4800,AllPub,1Fam,OldTown,5,2003,TA,TA,680.0,Fa,680,680,1.0,TA,Typ,330.0,Fa,0,111000
765,RL,13680,AllPub,1Fam,Crawfor,5,1950,TA,TA,840.0,Ex,840,727,2.0,TA,Min2,440.0,TA,0,205000
766,RL,17500,AllPub,1Fam,Crawfor,7,2002,Gd,Gd,1902.0,TA,1902,0,3.0,Ex,Typ,567.0,TA,0,335000
767,RL,12704,AllPub,1Fam,NridgHt,8,2007,Gd,Ex,1582.0,Ex,1582,0,3.0,Gd,Typ,905.0,TA,0,317500
768,RL,9938,AllPub,1Fam,SawyerW,7,1994,Gd,Gd,1050.0,Ex,1062,887,3.0,Gd,Typ,574.0,TA,0,236000
769,RL,9780,AllPub,1Fam,Edwards,5,1950,TA,TA,585.0,TA,687,425,3.0,TA,Typ,226.0,Po,0,63000
770,RL,9855,AllPub,1Fam,Edwards,6,1956,TA,TA,1436.0,Fa,1689,0,1.0,TA,Typ,480.0,TA,0,127500
771,C (all),8520,AllPub,1Fam,IDOTRR,3,1950,TA,Fa,216.0,Fa,576,360,1.0,TA,Typ,0.0,,0,78000
772,RL,8174,AllPub,1Fam,Gilbert,7,2003,Gd,Gd,698.0,Ex,698,644,3.0,Gd,Typ,393.0,TA,0,178000
773,RL,10425,AllPub,1Fam,NAmes,5,1958,TA,TA,1104.0,Gd,1104,0,2.0,TA,Typ,384.0,TA,0,133000
774,RL,7010,AllPub,1Fam,BrkSide,5,1950,TA,TA,1024.0,TA,1144,594,2.0,TA,Typ,240.0,TA,0,153000
775,RL,11250,AllPub,1Fam,CollgCr,7,2002,Gd,Gd,920.0,Ex,920,866,3.0,Gd,Typ,608.0,TA,0,223500
776,RL,7875,AllPub,1Fam,Gilbert,7,1996,Gd,Gd,691.0,Gd,691,862,2.0,Gd,Typ,420.0,TA,0,178750
777,RL,9535,AllPub,1Fam,Gilbert,6,1998,TA,Gd,926.0,Ex,926,678,2.0,TA,Typ,472.0,TA,0,195500
778,RL,17043,AllPub,1Fam,NWAmes,6,1998,TA,Gd,1362.0,TA,1586,0,2.0,TA,Typ,435.0,TA,0,181000
779,RL,3940,AllPub,TwnhsE,Blmngtn,7,2003,Gd,Gd,1415.0,Ex,1455,0,3.0,Gd,Typ,644.0,TA,0,195000
780,RL,13526,AllPub,1Fam,Sawyer,5,1965,TA,TA,935.0,TA,935,0,2.0,TA,Typ,288.0,TA,0,137000
781,RL,13142,AllPub,1Fam,CollgCr,6,1997,TA,Gd,864.0,Ex,872,899,3.0,Gd,Typ,600.0,TA,0,215700
782,RM,4435,AllPub,TwnhsE,CollgCr,6,2004,Gd,Gd,848.0,Ex,848,0,2.0,Gd,Typ,420.0,TA,0,144000
783,RL,7804,AllPub,Duplex,SWISU,6,1950,TA,TA,960.0,Ex,960,960,4.0,TA,Typ,480.0,TA,0,161900
784,RL,3182,AllPub,TwnhsE,Blmngtn,7,2006,Gd,Gd,1220.0,Ex,1220,0,2.0,Gd,Typ,397.0,TA,0,180000
785,RL,14541,AllPub,1Fam,NoRidge,8,1993,Gd,Gd,1338.0,Ex,1352,1168,3.0,Gd,Typ,796.0,TA,0,310000
786,RL,9612,AllPub,1Fam,Somerst,8,2009,Gd,Gd,1468.0,Ex,1468,0,2.0,Gd,Typ,898.0,TA,0,244600
787,RL,13383,AllPub,1Fam,Mitchel,5,2000,TA,TA,1188.0,Ex,1404,0,2.0,TA,Typ,504.0,TA,0,160000
788,RL,10000,AllPub,1Fam,NAmes,6,1962,TA,TA,1116.0,TA,1116,0,1.0,TA,Typ,440.0,TA,0,160000
789,FV,3784,AllPub,TwnhsE,Somerst,8,2007,Gd,Gd,1511.0,Ex,1565,0,3.0,Gd,Typ,476.0,TA,0,193800
790,RL,13518,AllPub,1Fam,NridgHt,9,2009,Ex,Ex,1926.0,Ex,1966,1174,3.0,Ex,Typ,820.0,TA,0,485000
791,RH,7800,AllPub,1Fam,SawyerW,5,1965,TA,TA,828.0,Gd,965,0,2.0,TA,Typ,300.0,TA,0,119900
792,RL,15306,AllPub,1Fam,Timber,8,2007,Gd,Ex,1732.0,Ex,1776,0,3.0,Gd,Typ,712.0,TA,0,283463
793,RL,13837,AllPub,1Fam,NWAmes,7,1988,Gd,Gd,1204.0,Gd,1377,806,2.0,Gd,Typ,786.0,TA,0,229000
794,FV,3951,AllPub,TwnhsE,Somerst,10,1999,Ex,Gd,970.0,Ex,1469,924,3.0,Ex,Typ,846.0,TA,0,345000
795,RL,6970,AllPub,1Fam,Sawyer,4,1961,TA,TA,1040.0,TA,1120,0,2.0,Fa,Typ,544.0,TA,0,129000
796,RL,7259,AllPub,1Fam,Crawfor,6,2002,TA,TA,1028.0,Ex,1436,884,3.0,Gd,Typ,180.0,TA,0,259500
797,RL,7635,AllPub,1Fam,NAmes,5,1960,TA,TA,1175.0,Ex,1175,0,1.0,TA,Typ,484.0,TA,0,148000
798,RM,6240,AllPub,1Fam,BrkSide,6,1950,TA,TA,816.0,TA,816,0,1.0,TA,Typ,528.0,TA,0,114500
799,RL,21535,AllPub,1Fam,NoRidge,10,1995,Ex,Ex,2444.0,Ex,2444,1872,3.0,Ex,Typ,832.0,TA,0,755000
800,RM,7596,AllPub,Duplex,OldTown,5,1952,TA,TA,960.0,Gd,960,1000,2.0,TA,Typ,400.0,TA,0,124500
801,RL,12384,AllPub,1Fam,NWAmes,7,1976,TA,Gd,793.0,TA,1142,793,2.0,TA,Typ,550.0,TA,0,197900
802,RL,8020,AllPub,1Fam,Sawyer,5,1964,TA,TA,912.0,TA,912,0,1.0,TA,Typ,0.0,,0,124000
803,RL,6882,AllPub,Duplex,Edwards,4,1955,TA,,0.0,TA,1152,0,2.0,Fa,Typ,0.0,,0,61500
804,RL,11625,AllPub,1Fam,Sawyer,5,1967,TA,TA,1052.0,TA,1052,0,1.0,TA,Typ,668.0,TA,0,113500
805,RL,12700,AllPub,1Fam,NAmes,6,1964,TA,TA,1246.0,TA,1246,0,2.0,TA,Typ,441.0,TA,0,172000
806,RM,8850,AllPub,1Fam,OldTown,7,1950,TA,TA,815.0,Ex,815,875,1.0,TA,Typ,225.0,TA,0,144000
807,RL,11787,AllPub,1Fam,NoRidge,7,1997,Gd,Gd,1379.0,Ex,1383,1015,3.0,Gd,Typ,834.0,TA,0,315750
808,RL,6853,AllPub,1Fam,Timber,8,2002,Gd,Ex,1267.0,Ex,1296,0,3.0,Gd,Typ,471.0,TA,0,220000
809,RL,10998,AllPub,1Fam,Edwards,5,1960,TA,TA,984.0,Ex,984,620,2.0,TA,Min2,660.0,TA,0,117000
810,RL,10335,AllPub,1Fam,Sawyer,5,1993,TA,TA,1461.0,Gd,1721,0,2.0,TA,Min1,440.0,TA,0,180000
811,RM,10320,AllPub,1Fam,IDOTRR,4,1950,TA,TA,596.0,Po,834,596,2.0,Fa,Typ,370.0,Fa,0,107000
812,RL,8400,AllPub,1Fam,Sawyer,6,1966,TA,TA,814.0,Gd,913,0,2.0,TA,Typ,240.0,TA,0,129000
813,RL,10612,AllPub,1Fam,Somerst,8,2006,Gd,Gd,1524.0,Gd,1534,0,2.0,Gd,Typ,484.0,TA,0,215000
814,RL,9900,AllPub,1Fam,NoRidge,7,1993,Gd,Gd,1347.0,Ex,1372,1274,3.0,Gd,Typ,656.0,TA,0,260000
815,RM,1533,AllPub,Twnhs,MeadowV,5,1970,TA,Gd,630.0,Ex,630,0,2.0,Ex,Typ,0.0,,0,92000
816,RL,7175,AllPub,TwnhsE,SawyerW,6,1991,Gd,Gd,1332.0,Gd,1332,0,2.0,Gd,Typ,542.0,TA,0,145000
817,RM,3960,AllPub,1Fam,OldTown,7,1950,TA,TA,502.0,TA,502,502,1.0,Gd,Typ,200.0,Fa,0,105000
818,RL,9600,AllPub,1Fam,NAmes,6,1972,TA,TA,1156.0,Ex,1520,0,2.0,TA,Typ,364.0,TA,0,153000
819,RM,1680,AllPub,Twnhs,BrDale,6,1971,TA,TA,483.0,TA,483,504,1.0,TA,Typ,264.0,TA,0,85400
820,RL,9600,AllPub,1Fam,NAmes,5,1959,TA,TA,1041.0,Ex,1041,0,2.0,TA,Typ,270.0,TA,0,124500
821,RM,7200,AllPub,1Fam,OldTown,5,2006,TA,TA,1022.0,TA,1022,0,2.0,TA,Maj2,280.0,TA,0,85000
822,RL,7200,AllPub,1Fam,NAmes,5,1952,TA,TA,732.0,TA,732,0,2.0,TA,Typ,240.0,TA,0,118900
823,RL,8212,AllPub,1Fam,Edwards,3,1950,TA,TA,864.0,TA,864,0,2.0,TA,Typ,200.0,TA,0,58500
824,RL,9196,AllPub,1Fam,Mitchel,7,2003,Gd,Ex,1560.0,Ex,1560,0,2.0,Gd,Typ,573.0,TA,0,201000
825,FV,9000,AllPub,1Fam,Somerst,8,2008,Gd,Gd,1566.0,Ex,1566,0,3.0,Gd,Typ,750.0,TA,0,262500
826,RL,14860,AllPub,1Fam,CollgCr,8,2003,Gd,Ex,1778.0,Ex,1786,0,3.0,Gd,Typ,715.0,TA,0,300000
827,RL,7200,AllPub,1Fam,Edwards,6,1976,TA,TA,1041.0,Ex,1125,0,2.0,TA,Typ,352.0,TA,0,125000
828,RL,14977,AllPub,1Fam,NridgHt,8,2007,Gd,Ex,1976.0,Ex,1976,0,3.0,Gd,Typ,908.0,TA,0,440000
829,RL,14137,AllPub,1Fam,Mitchel,4,1964,TA,Gd,1200.0,Gd,1200,0,2.0,TA,Typ,850.0,TA,0,173000
830,RL,10542,AllPub,1Fam,NoRidge,7,1994,Gd,Gd,1311.0,Ex,1325,1093,3.0,Gd,Typ,983.0,TA,0,341000
831,RM,3675,AllPub,TwnhsE,Edwards,6,2006,TA,Gd,547.0,Gd,1072,0,3.0,TA,Typ,525.0,TA,0,140000
832,RM,6000,AllPub,1Fam,BrkSide,6,1989,TA,TA,981.0,Ex,1014,658,1.0,Gd,Typ,240.0,TA,0,164900
833,RL,10739,AllPub,1Fam,CollgCr,7,2001,Gd,Gd,1431.0,Ex,1444,0,3.0,Gd,Typ,577.0,TA,0,203000
834,RL,14067,AllPub,1Fam,Gilbert,6,1991,TA,Gd,836.0,Gd,851,858,3.0,Gd,Typ,416.0,TA,0,185000
835,FV,2998,AllPub,TwnhsE,Somerst,6,2000,Gd,Gd,756.0,Ex,768,756,2.0,Gd,Typ,440.0,TA,0,166000
836,RL,8300,AllPub,1Fam,NAmes,6,1968,TA,TA,952.0,Gd,952,0,2.0,TA,Typ,288.0,TA,0,128500
837,RL,8760,AllPub,1Fam,NAmes,5,1956,Gd,TA,1169.0,TA,1144,0,2.0,TA,Typ,286.0,TA,0,150000
838,RL,11302,AllPub,1Fam,StoneBr,8,2006,Gd,Gd,1814.0,Ex,1826,0,3.0,Gd,Typ,758.0,TA,0,319000
839,RL,9477,AllPub,1Fam,NAmes,5,1966,TA,TA,864.0,TA,892,0,1.0,TA,Typ,264.0,TA,0,110000
840,RL,8172,AllPub,1Fam,Edwards,4,1972,TA,TA,941.0,Ex,997,473,2.0,TA,Typ,548.0,TA,0,135000
841,RL,14803,AllPub,1Fam,NridgHt,10,2008,Ex,Ex,2078.0,Ex,2084,0,3.0,Ex,Typ,1220.0,TA,0,385000
842,RL,13250,AllPub,1Fam,NWAmes,7,1978,TA,Gd,832.0,TA,1154,896,2.0,Gd,Typ,529.0,TA,0,154000
843,RH,6300,AllPub,1Fam,SWISU,5,1950,TA,TA,832.0,TA,832,436,1.0,TA,Typ,250.0,TA,0,160000
844,RL,6956,AllPub,1Fam,Edwards,4,1950,TA,Fa,624.0,Ex,624,312,1.0,TA,Typ,265.0,TA,0,97900
845,RL,12585,AllPub,1Fam,NoRidge,8,1993,Gd,Gd,1286.0,Ex,1565,1234,3.0,Gd,Typ,704.0,TA,0,315000
846,RL,9100,AllPub,1Fam,NAmes,5,1958,TA,TA,864.0,TA,864,0,2.0,TA,Typ,624.0,TA,0,129900
847,RM,3068,AllPub,1Fam,OldTown,6,1993,TA,TA,662.0,Ex,662,662,1.0,TA,Typ,180.0,TA,0,122000
848,RL,7750,AllPub,1Fam,Gilbert,8,2002,Gd,Gd,408.0,Ex,779,640,3.0,Gd,Typ,527.0,TA,0,184100
849,RM,1890,AllPub,Twnhs,MeadowV,4,1976,TA,TA,546.0,Ex,546,546,1.0,TA,Typ,286.0,TA,0,75190
850,RL,7153,AllPub,1Fam,SawyerW,6,1992,Gd,Gd,761.0,Ex,810,793,2.0,Gd,Typ,484.0,TA,0,175900
851,RH,6430,AllPub,2fmCon,SWISU,6,1950,TA,TA,780.0,TA,816,524,2.0,TA,Typ,440.0,TA,0,128000
852,RL,13006,AllPub,1Fam,Gilbert,7,1997,TA,Gd,964.0,Gd,993,1243,2.0,Gd,Typ,642.0,TA,0,222000
853,RM,2394,AllPub,Twnhs,MeadowV,5,1973,TA,Gd,945.0,Ex,945,0,2.0,TA,Typ,253.0,TA,0,119500
854,RL,13500,AllPub,1Fam,ClearCr,6,1975,TA,Gd,1602.0,Gd,1252,0,2.0,TA,Typ,564.0,TA,0,235000
855,RL,9085,AllPub,1Fam,NoRidge,7,1996,Gd,Gd,1070.0,Ex,1094,967,3.0,Gd,Typ,647.0,TA,0,260000
856,RM,1680,AllPub,Twnhs,BrDale,5,1971,TA,TA,525.0,TA,525,567,1.0,TA,Typ,320.0,TA,0,105500
857,RM,1890,AllPub,Twnhs,BrDale,6,1972,TA,TA,494.0,Ex,494,536,1.0,TA,Typ,264.0,TA,0,116000
858,RL,7800,AllPub,1Fam,Sawyer,5,2008,TA,TA,864.0,Ex,892,0,2.0,Gd,Typ,416.0,TA,0,137900
859,RL,8229,AllPub,1Fam,Gilbert,6,2007,Gd,Gd,752.0,Ex,752,752,2.0,Gd,Typ,440.0,TA,0,166000
860,RL,2280,AllPub,Twnhs,NPkVill,7,1975,TA,Gd,836.0,Ex,836,0,1.0,TA,Typ,308.0,TA,0,120000
861,RL,17104,AllPub,1Fam,Gilbert,7,2006,Gd,Gd,654.0,Ex,664,832,3.0,Gd,Typ,426.0,TA,0,179665
862,RL,17120,AllPub,1Fam,ClearCr,4,1959,TA,,0.0,TA,1120,468,2.0,TA,Min2,680.0,TA,0,134432
863,RL,18559,AllPub,1Fam,NWAmes,7,1978,Gd,Gd,2048.0,TA,2064,0,3.0,Gd,Typ,550.0,TA,0,235000
864,RL,14774,AllPub,1Fam,NoRidge,9,1999,Gd,Gd,1393.0,Ex,1422,1177,2.0,Gd,Typ,779.0,TA,0,333168
865,RL,8750,AllPub,1Fam,CollgCr,6,1998,TA,Gd,928.0,Ex,928,844,3.0,TA,Typ,492.0,TA,0,200000
866,RM,8398,AllPub,1Fam,OldTown,6,1990,TA,Gd,926.0,TA,991,659,2.0,TA,Typ,468.0,TA,0,144100
867,RL,9819,AllPub,1Fam,Sawyer,5,1967,TA,TA,882.0,TA,900,0,1.0,TA,Typ,280.0,TA,0,122000
868,RL,11075,AllPub,1Fam,ClearCr,6,1984,TA,Gd,1190.0,Ex,1522,0,2.0,TA,Typ,552.0,TA,0,182000
869,RM,10440,AllPub,1Fam,OldTown,5,1981,TA,TA,440.0,Gd,682,548,1.0,TA,Typ,440.0,TA,0,110000
870,RL,11003,AllPub,1Fam,CollgCr,7,2006,Gd,Gd,1308.0,Ex,1308,568,2.0,Gd,Typ,848.0,TA,0,229800
871,C (all),5280,AllPub,1Fam,IDOTRR,4,1950,TA,Po,173.0,Ex,825,536,1.0,TA,Typ,185.0,Fa,0,89000
872,RL,9600,AllPub,1Fam,NAmes,6,1953,TA,TA,1416.0,TA,1644,0,2.0,TA,Typ,418.0,TA,0,167000
873,RL,8402,AllPub,1Fam,Mitchel,5,2007,TA,Gd,1120.0,Ex,1120,0,1.0,TA,Typ,0.0,,0,147000
874,RL,10176,AllPub,1Fam,Gilbert,7,1990,TA,Gd,1300.0,Gd,1341,0,2.0,Gd,Typ,506.0,TA,0,171500
875,RL,13682,AllPub,1Fam,StoneBr,10,2006,Ex,Ex,1410.0,Ex,1426,1519,3.0,Gd,Typ,641.0,TA,0,438780
876,RM,7800,AllPub,2fmCon,OldTown,5,1950,TA,Gd,793.0,TA,793,325,2.0,TA,Typ,410.0,TA,0,119900
877,RL,9020,AllPub,1Fam,NAmes,6,1966,TA,TA,1127.0,TA,1165,0,2.0,TA,Typ,490.0,Gd,0,174900
878,RL,9373,AllPub,1Fam,NAmes,5,1953,TA,TA,1152.0,TA,1152,0,1.0,TA,Typ,636.0,TA,0,137500
879,RL,11885,AllPub,1Fam,CollgCr,8,2001,Gd,Gd,1299.0,Ex,1299,573,3.0,Ex,Typ,531.0,TA,0,261500
880,RL,10500,AllPub,1Fam,NAmes,5,2005,TA,TA,372.0,TA,576,533,1.0,TA,Typ,288.0,TA,0,139000
881,RL,8050,AllPub,1Fam,Edwards,5,1993,TA,,0.0,Gd,929,208,1.0,TA,Min1,0.0,,0,96000
882,RL,7740,AllPub,TwnhsE,NridgHt,9,2006,Gd,Ex,1686.0,Ex,1686,0,3.0,Ex,Typ,899.0,TA,0,332200
883,RL,10800,AllPub,1Fam,NAmes,4,1996,TA,TA,832.0,TA,832,629,2.0,TA,Typ,384.0,TA,0,133500
884,RL,8536,AllPub,1Fam,Edwards,5,2007,TA,Gd,1125.0,Gd,1125,0,1.0,TA,Typ,430.0,TA,0,155000
885,RL,10635,AllPub,1Fam,CollgCr,8,2003,Gd,Gd,1657.0,Ex,1668,0,3.0,Gd,Typ,502.0,TA,0,232000
886,RL,9571,AllPub,1Fam,Edwards,5,1956,TA,TA,1073.0,TA,1073,0,2.0,TA,Typ,340.0,TA,0,121500
887,RM,1680,AllPub,Twnhs,BrDale,6,1972,TA,TA,483.0,TA,483,504,1.0,TA,Typ,288.0,TA,0,94500
888,RL,12518,AllPub,1Fam,Mitchel,5,1968,TA,TA,1008.0,Gd,1008,0,1.0,Gd,Typ,384.0,TA,0,139500
889,RL,11952,AllPub,1Fam,NWAmes,7,1977,TA,Gd,808.0,TA,1161,808,2.0,TA,Typ,534.0,TA,0,190000
890,RL,11767,AllPub,1Fam,Edwards,4,2000,TA,Fa,560.0,Gd,796,550,1.0,TA,Min2,384.0,Fa,0,112000
891,RL,10970,AllPub,1Fam,CollgCr,6,1978,TA,Gd,940.0,TA,1026,0,2.0,TA,Typ,576.0,TA,0,147000
892,RL,7943,AllPub,1Fam,Sawyer,4,1961,TA,TA,1029.0,Gd,1029,0,2.0,TA,Typ,261.0,TA,0,118500
893,RL,11577,AllPub,1Fam,Timber,9,2006,Ex,Gd,1838.0,Ex,1838,0,3.0,Ex,Typ,682.0,TA,0,359900
894,RL,3500,AllPub,1Fam,BrkSide,3,1950,TA,TA,370.0,TA,442,228,2.0,Fa,Typ,0.0,,0,64000
895,RM,3811,AllPub,TwnhsE,Crawfor,7,2005,Gd,Ex,1594.0,Ex,1646,0,3.0,Ex,Typ,482.0,TA,0,250000
896,RL,9760,AllPub,1Fam,NAmes,6,1964,TA,TA,780.0,TA,798,813,2.0,TA,Typ,442.0,TA,0,167900
897,RL,13384,AllPub,1Fam,Mitchel,5,1979,TA,TA,1104.0,Fa,1360,0,2.0,TA,Typ,336.0,TA,0,140000
898,RM,8960,AllPub,1Fam,OldTown,5,1950,TA,TA,1008.0,Gd,1028,0,1.0,TA,Typ,360.0,TA,0,115000
899,RL,13418,AllPub,1Fam,NridgHt,9,2006,Gd,Ex,1850.0,Ex,1850,898,3.0,Ex,Typ,850.0,TA,0,390000
900,RL,7577,AllPub,TwnhsE,NridgHt,6,2006,Gd,Gd,1362.0,Ex,1362,0,2.0,Gd,Typ,460.0,TA,0,194700
901,RL,11500,AllPub,1Fam,ClearCr,6,1966,TA,Gd,1182.0,Ex,1643,0,3.0,TA,Typ,438.0,TA,0,195000
902,FV,10411,AllPub,1Fam,Somerst,5,2007,Gd,Gd,725.0,Ex,725,863,3.0,Gd,Typ,561.0,TA,0,212109
903,RL,11367,AllPub,1Fam,CollgCr,8,2002,Gd,Gd,1065.0,Ex,1091,898,3.0,Gd,Typ,586.0,TA,0,255000
904,RL,11250,AllPub,1Fam,ClearCr,4,1989,TA,TA,1104.0,Ex,1104,684,2.0,TA,Min2,304.0,TA,0,161500
905,FV,2544,AllPub,Twnhs,Somerst,7,2005,Gd,Gd,600.0,Ex,520,623,2.0,Gd,Typ,480.0,TA,0,147400
906,RL,9492,AllPub,1Fam,NAmes,5,1950,TA,TA,768.0,TA,968,408,2.0,TA,Typ,240.0,TA,0,105000
907,RL,11988,AllPub,1Fam,NAmes,6,1957,TA,TA,1244.0,Ex,1244,0,1.0,TA,Typ,336.0,TA,0,150000
908,RM,9856,AllPub,1Fam,OldTown,5,2005,Gd,Fa,716.0,Ex,1007,1007,2.0,TA,Typ,624.0,TA,0,169000
909,RL,13125,AllPub,1Fam,Crawfor,7,1984,TA,TA,800.0,TA,960,780,1.0,TA,Typ,240.0,TA,0,219500
910,RL,12803,AllPub,1Fam,CollgCr,7,2002,Gd,Gd,1494.0,Ex,1494,0,3.0,Gd,Typ,530.0,TA,0,221000
911,RL,12546,AllPub,1Fam,NWAmes,6,1981,Gd,Gd,1440.0,Ex,1440,0,2.0,Gd,Typ,467.0,TA,0,182900
912,RL,8544,AllPub,Duplex,NAmes,3,1950,TA,,0.0,Fa,1040,0,2.0,TA,Typ,400.0,TA,0,87500
913,RL,9100,AllPub,1Fam,NAmes,5,1965,TA,TA,925.0,Ex,925,0,1.0,TA,Typ,429.0,TA,0,117500
914,RL,8899,AllPub,1Fam,NridgHt,8,2007,Ex,Gd,948.0,Ex,948,1140,2.0,Gd,Typ,656.0,TA,0,250000
915,RL,16056,AllPub,1Fam,StoneBr,9,2006,Gd,Ex,1992.0,Ex,1992,876,3.0,Ex,Typ,716.0,TA,0,556581
916,RL,7588,AllPub,1Fam,Crawfor,7,1950,TA,Fa,793.0,Gd,901,901,1.0,TA,Typ,216.0,Fa,0,200100
917,RL,14828,AllPub,1Fam,NridgHt,9,2005,Ex,Ex,1780.0,Ex,1780,0,3.0,Ex,Typ,816.0,TA,0,378000
918,FV,8640,AllPub,1Fam,Somerst,7,2009,TA,Gd,756.0,Ex,764,783,2.0,Gd,Typ,614.0,TA,0,215200
919,RL,16280,AllPub,1Fam,Veenker,8,2007,Ex,Gd,1426.0,Ex,1671,0,4.0,Ex,Typ,550.0,TA,0,290000
920,RH,4058,AllPub,TwnhsE,NAmes,7,1998,TA,Gd,723.0,Ex,767,0,2.0,TA,Typ,367.0,TA,0,133000
921,RM,8660,AllPub,1Fam,IDOTRR,5,1993,TA,TA,760.0,Ex,928,928,2.0,Gd,Typ,576.0,TA,0,123000
922,RL,8064,AllPub,1Fam,NAmes,5,2006,TA,TA,672.0,Ex,672,252,1.0,TA,Typ,576.0,TA,0,122900
923,RL,5122,AllPub,Twnhs,NridgHt,6,2005,Gd,Gd,1306.0,Ex,1306,0,3.0,Gd,Typ,624.0,TA,0,184500
924,RL,9353,AllPub,1Fam,NAmes,4,1970,TA,TA,864.0,Gd,864,0,1.0,TA,Typ,280.0,TA,0,116050
925,RL,13015,AllPub,1Fam,CollgCr,5,1996,TA,Gd,1100.0,Ex,1100,0,1.0,TA,Typ,462.0,TA,0,145000
926,RL,11475,AllPub,1Fam,NAmes,6,1961,TA,TA,1208.0,Ex,1576,0,2.0,Gd,Typ,368.0,TA,0,174500
927,RL,16059,AllPub,1Fam,NoRidge,8,1992,Gd,Gd,1288.0,Ex,1301,1116,2.0,Gd,Typ,462.0,TA,0,260000
928,RM,9000,AllPub,1Fam,OldTown,5,1950,TA,TA,904.0,Ex,904,595,1.0,TA,Typ,869.0,TA,0,140000
929,RL,8375,AllPub,1Fam,Sawyer,5,1973,TA,TA,576.0,Gd,864,486,2.0,Gd,Min1,627.0,TA,0,152400
930,RM,10800,AllPub,2fmCon,OldTown,6,2000,TA,Fa,482.0,Ex,1221,691,2.0,TA,Typ,672.0,Gd,0,163000
931,RL,6930,AllPub,1Fam,ClearCr,5,1958,TA,TA,1062.0,Ex,1352,0,1.0,Gd,Min2,288.0,TA,0,130000
932,RL,26178,AllPub,1Fam,Timber,7,1990,Gd,Gd,1210.0,Ex,1238,1281,3.0,Gd,Typ,628.0,TA,0,335000
933,RL,7848,AllPub,1Fam,Gilbert,7,1999,TA,TA,384.0,Ex,774,656,2.0,TA,Typ,410.0,TA,0,168000
934,FV,3735,AllPub,TwnhsE,Somerst,7,1999,Gd,Gd,691.0,Ex,713,739,3.0,Gd,Typ,506.0,TA,0,183900
935,RM,9750,AllPub,1Fam,OldTown,5,1958,TA,TA,960.0,Ex,960,0,1.0,TA,Typ,624.0,TA,0,125000
936,FV,9375,AllPub,1Fam,Somerst,7,2004,Gd,Gd,912.0,Ex,912,1182,2.0,Gd,Typ,615.0,TA,0,263000
937,RL,13072,AllPub,1Fam,SawyerW,7,2005,Gd,Gd,1114.0,Ex,1114,0,1.0,Gd,Typ,576.0,TA,0,159000
938,FV,10800,AllPub,1Fam,Somerst,8,2008,Gd,Ex,1034.0,Ex,1050,1028,3.0,Ex,Typ,836.0,TA,0,339750
939,RL,8450,AllPub,1Fam,CollgCr,7,2004,Gd,Gd,1436.0,Ex,1436,0,3.0,Gd,Typ,484.0,TA,0,210000
940,RL,8125,AllPub,1Fam,CollgCr,7,2002,Gd,Gd,1654.0,Ex,1654,0,3.0,Gd,Typ,900.0,TA,0,230000
941,RL,11120,AllPub,1Fam,Veenker,6,1984,TA,Gd,1232.0,TA,1232,0,2.0,TA,Typ,516.0,TA,0,162500
942,RL,8220,AllPub,1Fam,Gilbert,7,2001,Gd,Gd,982.0,Ex,1008,884,2.0,TA,Typ,431.0,TA,0,226750
943,RM,6180,AllPub,1Fam,BrkSide,6,1950,TA,TA,960.0,TA,986,0,1.0,TA,Typ,180.0,TA,0,102000
944,RL,11248,AllPub,1Fam,CollgCr,9,2002,Gd,Gd,1626.0,Ex,1668,0,3.0,Gd,Typ,702.0,TA,0,285000
945,RL,10790,AllPub,1Fam,NoRidge,7,1998,Gd,Gd,1066.0,Ex,1108,1277,2.0,Gd,Typ,600.0,TA,0,252000
946,RL,9627,AllPub,1Fam,Mitchel,7,1994,TA,Gd,996.0,Ex,996,1004,2.0,TA,Typ,650.0,TA,0,188000
947,RL,9098,AllPub,1Fam,Edwards,4,2002,TA,TA,528.0,Ex,605,0,2.0,TA,Typ,0.0,,0,86000
948,RL,8010,AllPub,1Fam,Gilbert,7,2003,Gd,Gd,840.0,Ex,840,880,2.0,Gd,Typ,400.0,TA,0,188000
949,RL,11792,AllPub,1Fam,Gilbert,8,2003,Gd,Gd,1008.0,Ex,1008,1275,2.0,Gd,Typ,632.0,TA,0,270000
950,RL,8450,AllPub,1Fam,SawyerW,7,2001,TA,Gd,1349.0,Ex,1349,0,2.0,TA,Typ,539.0,TA,0,179000
951,RL,9734,AllPub,1Fam,Gilbert,7,2004,Gd,Gd,384.0,Ex,744,630,2.0,Gd,Typ,400.0,TA,0,167000
952,RL,8724,AllPub,1Fam,Sawyer,5,1968,TA,Gd,894.0,Gd,894,0,1.0,TA,Typ,450.0,TA,0,129000
953,RL,14330,AllPub,1Fam,Veenker,7,1974,Gd,Gd,1748.0,Gd,2151,495,3.0,Gd,Mod,550.0,TA,800,260000
954,RL,14418,AllPub,1Fam,NridgHt,9,2007,Ex,Ex,1950.0,Ex,1950,0,3.0,Ex,Typ,706.0,TA,0,383000
955,RL,31770,AllPub,1Fam,NAmes,6,1960,TA,TA,1080.0,Fa,1656,0,2.0,TA,Typ,528.0,TA,0,215000
956,RL,8707,AllPub,1Fam,Edwards,4,1950,TA,TA,1093.0,TA,1093,576,1.0,TA,Min2,288.0,Fa,0,107000
957,RL,11500,AllPub,1Fam,Crawfor,7,1987,Gd,Gd,1017.0,Gd,1020,1037,1.0,Gd,Typ,180.0,Fa,0,250000
958,RL,12209,AllPub,1Fam,Mitchel,6,2002,TA,Ex,804.0,Ex,804,1157,3.0,Gd,Typ,560.0,TA,0,215000
959,RL,8471,AllPub,1Fam,Sawyer,6,1995,TA,Gd,506.0,TA,1212,0,2.0,TA,Typ,492.0,TA,0,151000
960,RL,10500,AllPub,1Fam,NAmes,5,1964,TA,TA,1292.0,TA,1292,0,2.0,TA,Typ,520.0,TA,0,145100
961,RM,6000,AllPub,1Fam,BrkSide,5,1997,TA,TA,884.0,Ex,884,464,2.0,TA,Typ,216.0,TA,0,117000
962,RL,8730,AllPub,1Fam,BrkSide,6,2003,TA,TA,698.0,Ex,698,698,1.0,TA,Typ,384.0,TA,0,153575
963,RL,16287,AllPub,1Fam,Edwards,5,1950,TA,TA,901.0,TA,901,450,2.0,TA,Typ,576.0,TA,0,122000
964,RL,19950,AllPub,1Fam,Edwards,6,1950,TA,TA,672.0,Ex,1337,672,2.0,TA,Typ,795.0,TA,0,235000
965,RL,6221,AllPub,2fmCon,Crawfor,5,1950,TA,TA,728.0,Ex,760,595,2.0,TA,Typ,528.0,TA,0,140000
966,RM,2522,AllPub,Twnhs,Edwards,6,2006,Gd,Gd,970.0,Ex,970,739,2.0,Gd,Maj1,380.0,TA,0,130000
967,RL,9571,AllPub,1Fam,Edwards,5,1956,TA,TA,1509.0,TA,1509,0,2.0,Gd,Typ,322.0,TA,0,159900
968,RL,13811,AllPub,1Fam,Timber,6,1987,TA,Gd,1112.0,Gd,1137,0,3.0,Gd,Typ,551.0,TA,0,176000
969,RL,10905,AllPub,1Fam,CollgCr,7,2003,Gd,Gd,1129.0,Ex,1129,1198,2.0,Gd,Typ,596.0,TA,0,240000
970,RL,10240,AllPub,1Fam,NWAmes,6,1980,TA,Gd,1686.0,TA,1686,0,3.0,TA,Typ,612.0,TA,0,207500
971,RL,10800,AllPub,1Fam,OldTown,5,1989,TA,Fa,796.0,Gd,1096,370,2.0,Gd,Min1,566.0,TA,0,170000
972,RM,6120,AllPub,1Fam,OldTown,7,1950,TA,TA,952.0,Gd,1022,752,2.0,TA,Min1,468.0,Fa,0,129900
973,RL,8696,AllPub,1Fam,CollgCr,7,1998,TA,Gd,1418.0,Ex,1418,0,3.0,Gd,Typ,558.0,TA,0,226001
974,RL,11002,AllPub,1Fam,NoRidge,8,1999,Gd,Gd,1389.0,Ex,1411,1171,3.0,Gd,Typ,758.0,TA,0,322500
975,RL,12890,AllPub,1Fam,Timber,6,1989,TA,Gd,1495.0,Ex,1495,0,2.0,TA,Typ,438.0,TA,0,150000
976,RM,4330,AllPub,2fmCon,IDOTRR,4,1958,TA,Fa,808.0,TA,838,477,3.0,TA,Typ,436.0,TA,0,99500
977,RL,9638,AllPub,1Fam,SWISU,6,1990,TA,TA,804.0,Ex,1699,748,2.0,Gd,Min2,336.0,TA,0,169000
978,RL,12469,AllPub,1Fam,NridgHt,9,2007,Ex,Ex,1790.0,Ex,1816,0,3.0,Ex,Typ,730.0,TA,0,356000
979,RL,9764,AllPub,1Fam,Sawyer,5,2003,TA,TA,894.0,Ex,894,0,2.0,Gd,Typ,450.0,TA,0,130000
980,RL,3182,AllPub,TwnhsE,Blmngtn,7,2006,Gd,Gd,1373.0,Ex,1555,0,2.0,Gd,Typ,430.0,TA,0,192500
981,RL,34650,AllPub,2fmCon,Gilbert,5,1955,TA,TA,1056.0,TA,1056,0,2.0,TA,Typ,572.0,TA,0,145000
982,RM,5925,AllPub,1Fam,OldTown,2,1950,TA,,0.0,Fa,612,0,1.0,TA,Typ,308.0,TA,0,45000
983,RL,11104,AllPub,1Fam,NWAmes,6,1969,TA,TA,1427.0,Gd,1427,0,2.0,TA,Typ,516.0,TA,0,183000
984,RL,8145,AllPub,1Fam,CollgCr,7,2007,Gd,Gd,738.0,Ex,738,738,2.0,Gd,Typ,552.0,TA,0,179400
985,RM,1533,AllPub,Twnhs,MeadowV,4,2008,TA,TA,546.0,TA,798,546,1.0,TA,Typ,0.0,,0,97000
986,RL,10762,AllPub,TwnhsE,SawyerW,6,1980,TA,Gd,626.0,TA,626,591,1.0,TA,Typ,288.0,TA,0,120000
987,RL,3710,AllPub,1Fam,Blmngtn,7,2007,Gd,Gd,1266.0,Ex,1266,0,2.0,Gd,Typ,388.0,TA,0,185485
988,RL,11923,AllPub,1Fam,CollgCr,9,2007,Gd,Ex,1800.0,Ex,1800,0,2.0,Ex,Typ,702.0,TA,0,239000
989,RL,6953,AllPub,1Fam,Mitchel,5,2004,TA,TA,864.0,Ex,874,0,1.0,TA,Typ,352.0,TA,0,130000
990,RL,2308,AllPub,TwnhsE,NPkVill,6,1975,TA,Gd,855.0,Gd,855,601,2.0,TA,Typ,460.0,TA,0,143000
991,RL,35760,AllPub,1Fam,NoRidge,10,1996,Gd,Ex,1930.0,Ex,1831,1796,4.0,Gd,Typ,807.0,TA,0,625000
992,RL,9738,AllPub,1Fam,Edwards,5,1950,TA,TA,784.0,Gd,949,272,2.0,TA,Typ,392.0,TA,0,104900
993,RL,6854,AllPub,1Fam,BrkSide,5,1994,TA,TA,756.0,TA,916,144,2.0,TA,Mod,308.0,Fa,0,136500
994,RM,1533,AllPub,Twnhs,MeadowV,4,1970,TA,TA,546.0,TA,546,546,1.0,TA,Typ,286.0,TA,0,87550
995,RL,10355,AllPub,1Fam,NAmes,5,1967,TA,TA,1214.0,TA,1214,0,2.0,TA,Typ,318.0,TA,0,143000
996,RM,3940,AllPub,TwnhsE,Blmngtn,7,2004,Gd,Gd,1393.0,Ex,1576,0,3.0,Gd,Typ,668.0,TA,0,219990
997,RL,14375,NoSeWa,1Fam,Timber,6,1958,TA,TA,819.0,Gd,1344,0,1.0,Gd,Typ,525.0,TA,0,137500
998,RM,5160,AllPub,1Fam,IDOTRR,6,1950,TA,TA,1204.0,TA,1204,462,1.0,TA,Typ,384.0,Fa,0,135000
999,RL,8726,AllPub,1Fam,CollgCr,7,2002,Gd,Gd,872.0,Ex,872,1037,2.0,Gd,Typ,529.0,TA,0,197000
1000,RM,6000,AllPub,1Fam,BrkSide,5,1950,TA,TA,468.0,Gd,822,320,1.0,TA,Typ,320.0,TA,0,93000
1001,RM,9639,AllPub,1Fam,OldTown,4,1950,TA,TA,1075.0,Ex,1156,642,2.0,TA,Typ,342.0,TA,0,137000
1002,RL,51974,AllPub,1Fam,StoneBr,9,2007,Ex,Ex,2660.0,Ex,2338,0,3.0,Gd,Typ,1110.0,Gd,0,591587
1003,RL,13495,AllPub,1Fam,NAmes,5,1956,TA,TA,1048.0,Fa,1728,0,3.0,TA,Min1,576.0,TA,0,177625
1004,RL,9636,AllPub,1Fam,Gilbert,6,1993,TA,Gd,808.0,Gd,808,785,2.0,TA,Typ,389.0,TA,0,178000
1005,RL,7697,AllPub,1Fam,Gilbert,7,2007,Gd,Gd,1246.0,Ex,1258,0,2.0,Gd,Typ,462.0,TA,0,173500
1006,RL,16698,AllPub,1Fam,ClearCr,7,1993,Gd,Gd,1449.0,Gd,944,815,3.0,Gd,Typ,525.0,TA,0,233500
1007,RL,9620,AllPub,1Fam,Mitchel,6,1977,TA,TA,1243.0,TA,1285,0,2.0,Gd,Typ,473.0,TA,0,190000
1008,RL,8244,AllPub,1Fam,Gilbert,7,2004,Gd,Gd,840.0,Ex,840,880,2.0,Gd,Typ,440.0,TA,0,183500
1009,RL,13377,AllPub,1Fam,CollgCr,6,2006,Gd,Gd,1836.0,Gd,1846,0,3.0,Gd,Typ,495.0,TA,0,233555
1010,RL,3640,AllPub,Twnhs,Greens,8,1980,Gd,Gd,1036.0,TA,1036,0,2.0,Gd,Typ,484.0,TA,0,188000
1011,RL,11479,AllPub,1Fam,Edwards,6,1987,TA,TA,663.0,Ex,1074,0,2.0,Gd,Typ,467.0,TA,0,144500
1012,RM,5500,AllPub,1Fam,OldTown,5,2001,TA,TA,926.0,TA,926,0,2.0,TA,Typ,484.0,TA,0,130000
1013,RL,11287,AllPub,1Fam,SawyerW,7,1989,Gd,Gd,807.0,Gd,1175,807,2.0,Gd,Typ,575.0,TA,0,228500
1014,RL,13693,AllPub,1Fam,NridgHt,10,2007,Ex,Ex,2630.0,Ex,2674,0,4.0,Ex,Typ,762.0,TA,0,610000
1015,RL,11088,AllPub,1Fam,NWAmes,6,1998,TA,TA,1140.0,Gd,1707,0,2.0,TA,Typ,479.0,TA,0,184000
1016,RL,11050,AllPub,1Fam,Mitchel,8,1999,Gd,Gd,1049.0,Ex,1036,880,3.0,Gd,Typ,741.0,TA,0,254900
1017,RL,13426,AllPub,1Fam,CollgCr,7,2000,Gd,Gd,951.0,Ex,951,828,3.0,Gd,Typ,586.0,TA,0,217000
1018,RL,10335,AllPub,1Fam,CollgCr,7,1999,Gd,Gd,1490.0,Ex,1501,0,3.0,Gd,Typ,577.0,TA,0,204000
1019,RL,11449,AllPub,1Fam,Timber,8,2007,Gd,Gd,1884.0,Ex,1728,0,3.0,Gd,Typ,520.0,TA,0,298751
1020,RL,11643,AllPub,Duplex,NAmes,5,1969,TA,TA,1248.0,TA,1338,1296,3.0,TA,Typ,968.0,TA,0,200000
1021,RL,10385,AllPub,1Fam,CollgCr,6,1978,TA,TA,995.0,TA,1282,0,2.0,TA,Typ,672.0,Fa,0,174000
1022,RL,50271,AllPub,1Fam,Veenker,9,1987,Gd,Ex,1842.0,Gd,1842,0,2.0,Gd,Typ,894.0,TA,0,385000
1023,RM,4500,AllPub,TwnhsE,Mitchel,6,1997,TA,Ex,1189.0,Ex,1189,0,3.0,TA,Typ,392.0,TA,0,160500
1024,RL,9600,AllPub,1Fam,NWAmes,6,1971,TA,TA,715.0,TA,930,715,1.0,TA,Typ,441.0,TA,0,171000
1025,RL,10400,AllPub,1Fam,NWAmes,7,1970,TA,TA,1304.0,Gd,1682,0,2.0,TA,Typ,530.0,TA,0,174000
1026,RM,8155,AllPub,1Fam,IDOTRR,5,1950,TA,Gd,780.0,Gd,780,420,1.0,TA,Typ,0.0,,0,119000
1027,RL,12122,AllPub,1Fam,NAmes,7,2007,Ex,TA,944.0,Gd,999,0,2.0,Ex,Typ,588.0,TA,0,178400
1028,RM,10307,AllPub,Duplex,OldTown,6,1950,TA,TA,972.0,Gd,972,972,3.0,TA,Typ,324.0,Fa,0,103500
1029,RL,10364,AllPub,1Fam,Gilbert,6,1996,TA,Gd,806.0,Gd,806,766,2.0,TA,Typ,373.0,TA,0,168000
1030,RL,11327,AllPub,1Fam,Sawyer,5,1967,TA,TA,1064.0,TA,1064,0,1.0,TA,Typ,528.0,TA,0,153600
1031,RL,7795,AllPub,1Fam,Gilbert,7,2005,Gd,Gd,716.0,Ex,716,716,3.0,Gd,Typ,432.0,TA,0,188500
1032,RL,14781,AllPub,1Fam,CollgCr,8,2002,Gd,Gd,1753.0,Ex,1787,0,2.0,Gd,Typ,748.0,TA,0,275000
1033,RM,6120,AllPub,1Fam,BrkSide,4,1995,TA,TA,884.0,Ex,989,584,1.0,Gd,Typ,240.0,TA,0,133000
1034,RL,10142,AllPub,1Fam,SawyerW,7,2004,Gd,Gd,956.0,Ex,956,1128,3.0,Gd,Typ,618.0,TA,0,233000
1035,RL,10738,AllPub,1Fam,NWAmes,6,1966,TA,TA,1093.0,Gd,1093,0,3.0,TA,Typ,484.0,TA,0,158500
1036,RM,2016,AllPub,TwnhsE,BrDale,5,1970,TA,TA,630.0,TA,630,672,2.0,TA,Typ,440.0,TA,0,106000
1037,RL,4853,AllPub,1Fam,SWISU,5,1999,TA,TA,1107.0,Fa,1296,0,2.0,Fa,Typ,260.0,TA,0,104000
1038,RH,7082,AllPub,2fmCon,SWISU,5,1995,TA,TA,686.0,Gd,948,980,2.0,TA,Typ,0.0,,0,160000
1039,RL,9671,AllPub,Duplex,NAmes,6,1969,TA,TA,1248.0,TA,1248,1296,2.0,TA,Typ,907.0,TA,0,190000
1040,RL,11625,AllPub,1Fam,Mitchel,5,1983,TA,Gd,816.0,TA,816,0,2.0,TA,Typ,264.0,TA,0,139000
1041,RL,8899,AllPub,1Fam,Gilbert,7,2007,Gd,Gd,1340.0,Ex,1340,0,2.0,Gd,Typ,396.0,TA,0,181134
1042,RL,11679,AllPub,1Fam,Edwards,5,1962,TA,TA,1776.0,Ex,1560,0,2.0,TA,Min2,528.0,TA,0,182000
1043,RM,1495,AllPub,TwnhsE,MeadowV,4,1970,TA,TA,546.0,Ex,546,546,1.0,TA,Typ,0.0,,0,93900
1044,RL,5220,AllPub,1Fam,SWISU,5,1950,TA,TA,830.0,Gd,879,0,1.0,TA,Typ,180.0,TA,0,80000
1045,RL,9920,AllPub,1Fam,CollgCr,5,1969,TA,Gd,971.0,TA,971,0,1.0,TA,Typ,300.0,TA,0,128500
1046,RL,8574,AllPub,1Fam,Crawfor,6,2000,Gd,TA,816.0,Ex,1232,0,1.0,Gd,Typ,440.0,TA,0,147500
1047,RL,9316,AllPub,1Fam,Sawyer,5,1965,TA,TA,1024.0,Gd,1020,0,2.0,TA,Typ,288.0,TA,0,124100
1048,RM,6710,AllPub,TwnhsE,Mitchel,6,1997,TA,Ex,920.0,Ex,936,0,2.0,TA,Typ,460.0,TA,0,140000
1049,RL,8400,AllPub,1Fam,SWISU,6,2000,TA,TA,940.0,Ex,1192,403,1.0,TA,Typ,240.0,TA,0,140000
1050,RL,10175,AllPub,1Fam,NAmes,6,1964,TA,TA,1425.0,Gd,1425,0,2.0,TA,Typ,576.0,TA,0,180500
1051,RL,13673,AllPub,1Fam,Sawyer,5,1962,TA,TA,1140.0,TA,1696,0,1.0,TA,Min2,349.0,TA,0,143900
1052,RM,7200,AllPub,1Fam,IDOTRR,6,1950,TA,TA,984.0,TA,984,0,1.0,TA,Typ,308.0,TA,0,90000
1053,RM,6876,AllPub,1Fam,IDOTRR,6,1958,TA,TA,1272.0,TA,1272,0,2.0,TA,Min1,400.0,TA,0,141000
1054,RL,12640,AllPub,Duplex,Mitchel,6,1976,TA,TA,1728.0,TA,1728,0,2.0,TA,Typ,574.0,TA,0,150900
1055,RL,11305,AllPub,1Fam,Timber,8,2002,Gd,Gd,1922.0,Ex,1922,0,3.0,Gd,Typ,692.0,TA,0,282000
1056,RL,7560,AllPub,1Fam,NAmes,5,1959,TA,TA,1040.0,TA,1040,0,1.0,TA,Typ,286.0,TA,0,133700
1057,RL,7506,AllPub,1Fam,OldTown,5,1950,TA,TA,747.0,TA,747,412,1.0,TA,Typ,288.0,Fa,0,114000
1058,RL,9405,AllPub,1Fam,Edwards,5,2008,TA,TA,698.0,Ex,698,0,1.0,TA,Typ,0.0,,0,118000
1059,RL,11358,AllPub,1Fam,NWAmes,7,1987,TA,TA,1124.0,TA,1610,0,2.0,Gd,Typ,515.0,TA,0,185000
1060,RL,8050,AllPub,1Fam,NAmes,5,1993,TA,TA,949.0,TA,1107,0,2.0,Gd,Typ,308.0,TA,0,127000
1061,RL,14175,AllPub,1Fam,Sawyer,6,1956,TA,TA,988.0,TA,1188,0,2.0,TA,Typ,621.0,TA,0,185000
1062,RL,10480,AllPub,1Fam,SWISU,6,1950,TA,TA,1064.0,Ex,1166,0,1.0,TA,Maj2,240.0,TA,0,115000
1063,RL,7301,AllPub,TwnhsE,NridgHt,7,2008,Gd,Gd,1350.0,Ex,1358,0,3.0,Gd,Typ,484.0,TA,0,217300
1064,RL,7200,AllPub,1Fam,NAmes,5,2007,TA,,0.0,Ex,827,0,1.0,TA,Mod,392.0,TA,0,107500
1065,RL,6490,AllPub,1Fam,Mitchel,5,1983,TA,TA,816.0,Ex,816,0,1.0,TA,Typ,264.0,TA,0,128500
1066,RL,9750,AllPub,Duplex,NWAmes,5,1965,TA,TA,1625.0,Ex,1625,0,2.0,TA,Typ,484.0,TA,0,140500
1067,RL,8400,AllPub,1Fam,NAmes,6,2005,Gd,TA,1319.0,TA,1537,0,2.0,Gd,Typ,462.0,TA,0,174000
1068,FV,2280,AllPub,Twnhs,Somerst,7,1999,TA,Gd,744.0,Gd,757,744,2.0,TA,Typ,440.0,TA,0,179400
1069,RL,13175,AllPub,1Fam,NWAmes,6,1988,TA,Gd,1542.0,TA,2073,0,3.0,TA,Min1,500.0,TA,0,210000
1070,RL,8450,AllPub,1Fam,NAmes,5,1968,TA,TA,1056.0,Ex,1056,0,2.0,TA,Typ,304.0,TA,0,142000
1071,RL,10179,AllPub,1Fam,Gilbert,6,1997,TA,Gd,945.0,Ex,945,663,2.0,TA,Typ,470.0,TA,0,189500
1072,RL,14357,AllPub,1Fam,NAmes,5,1961,TA,TA,864.0,TA,1187,0,2.0,TA,Typ,440.0,TA,0,140500
1073,RM,12000,AllPub,1Fam,OldTown,5,2005,TA,TA,924.0,Ex,1122,0,2.0,Gd,Typ,528.0,TA,0,147000
1074,RL,11932,AllPub,1Fam,Somerst,8,2008,Gd,Gd,1580.0,Ex,1580,0,2.0,Gd,Typ,830.0,TA,0,235128
1075,RL,8123,AllPub,1Fam,Gilbert,6,2000,TA,Gd,982.0,Ex,1007,793,2.0,TA,Typ,463.0,TA,0,179000
1076,RL,11999,AllPub,1Fam,NridgHt,8,2004,Gd,Gd,1181.0,Ex,1234,1140,2.0,Ex,Typ,656.0,TA,0,285000
1077,RL,6000,AllPub,1Fam,SWISU,5,1950,TA,TA,1008.0,Ex,1008,0,2.0,TA,Typ,0.0,,0,102000
1078,FV,8127,AllPub,1Fam,Somerst,7,2003,Gd,Gd,812.0,Ex,812,841,3.0,Gd,Typ,628.0,TA,0,209000
1079,RL,7500,AllPub,1Fam,NAmes,6,1950,TA,TA,784.0,Ex,900,412,1.0,TA,Typ,649.0,TA,0,127000
1080,RL,16870,AllPub,1Fam,NridgHt,8,2005,Gd,Ex,1782.0,Ex,1782,0,3.0,Gd,Typ,932.0,TA,0,296000
1081,RM,9000,AllPub,1Fam,OldTown,5,2006,TA,TA,680.0,Ex,680,494,1.0,Gd,Typ,576.0,TA,0,135000
1082,RL,9375,AllPub,1Fam,Edwards,4,1954,TA,TA,967.0,Ex,1350,0,1.0,TA,Typ,504.0,TA,0,146000
1083,RL,9233,AllPub,1Fam,NoRidge,9,2000,Gd,Ex,1540.0,Ex,1540,1315,3.0,Ex,Typ,774.0,TA,0,405000
1084,RL,10400,AllPub,1Fam,NWAmes,7,1988,TA,Gd,1845.0,Gd,1872,0,2.0,TA,Typ,604.0,TA,0,241500
1085,RL,11400,AllPub,1Fam,NoRidge,10,2002,Ex,Ex,2633.0,Ex,2633,0,3.0,Ex,Typ,804.0,TA,0,466500
1086,RL,6371,AllPub,TwnhsE,NridgHt,7,2010,Gd,Gd,1358.0,Ex,1358,0,3.0,Gd,Typ,484.0,TA,0,224000
1087,RL,7945,AllPub,1Fam,NAmes,5,1959,TA,TA,1150.0,Ex,1150,0,2.0,TA,Typ,300.0,TA,0,141000
1088,RL,9750,AllPub,1Fam,Sawyer,5,1962,TA,TA,980.0,Gd,980,0,2.0,TA,Typ,400.0,TA,0,110000
1089,RL,11100,AllPub,1Fam,Edwards,5,1994,TA,TA,1080.0,TA,1080,400,2.0,TA,Typ,253.0,TA,0,136500
1090,RL,11316,AllPub,1Fam,Timber,7,2003,Gd,Gd,817.0,Ex,824,1070,3.0,Gd,Typ,510.0,TA,0,214900
1091,RL,8475,AllPub,1Fam,NAmes,4,1956,TA,TA,952.0,Ex,952,0,1.0,TA,Typ,283.0,TA,0,135750
1092,RL,9600,AllPub,1Fam,NAmes,5,2003,TA,TA,845.0,TA,893,0,1.0,Gd,Typ,576.0,TA,0,135000
1093,RL,10562,AllPub,1Fam,NridgHt,8,2007,Gd,Ex,1582.0,Ex,1610,551,2.0,Ex,Typ,789.0,TA,0,325624
1094,RL,11782,AllPub,1Fam,Sawyer,5,1995,TA,TA,1109.0,TA,1155,0,2.0,Gd,Min2,576.0,TA,0,148000
1095,RL,7180,AllPub,1Fam,CollgCr,5,1972,TA,TA,864.0,TA,864,0,1.0,TA,Typ,352.0,TA,0,127000
1096,RL,7175,AllPub,TwnhsE,SawyerW,6,1991,Gd,Gd,1217.0,Gd,1217,0,2.0,Gd,Typ,484.0,TA,0,151000
1097,RL,10625,AllPub,1Fam,Edwards,5,1950,TA,TA,458.0,Fa,835,0,1.0,TA,Typ,366.0,Fa,0,83000
1098,RL,13284,AllPub,1Fam,Sawyer,5,1954,TA,Gd,1383.0,TA,1383,0,2.0,TA,Typ,354.0,TA,0,165000
1099,RL,9084,AllPub,1Fam,Edwards,5,1950,TA,TA,616.0,TA,616,495,1.0,TA,Typ,200.0,TA,0,95000
1100,RL,9317,AllPub,1Fam,SawyerW,7,1993,Gd,Gd,740.0,Ex,1006,769,3.0,Gd,Typ,425.0,TA,0,213000
1101,RL,26073,AllPub,1Fam,Crawfor,5,1956,TA,TA,1898.0,Ex,1898,0,2.0,TA,Typ,484.0,TA,0,236500
1102,RL,11846,AllPub,1Fam,NridgHt,9,2004,Gd,Ex,1792.0,Ex,1792,0,3.0,Ex,Typ,874.0,TA,0,374000
1103,RL,4235,AllPub,TwnhsE,Edwards,5,1984,Gd,Gd,1049.0,TA,1049,0,3.0,Gd,Typ,266.0,TA,0,139500
1104,RM,4500,AllPub,TwnhsE,Mitchel,6,1999,TA,Ex,1224.0,Ex,1224,0,3.0,TA,Typ,402.0,TA,0,165000
1105,RL,2304,AllPub,Twnhs,NPkVill,7,1978,TA,Gd,1061.0,TA,1055,0,2.0,TA,Typ,319.0,TA,0,142500
1106,RL,14299,AllPub,1Fam,Sawyer,4,1964,TA,TA,1005.0,TA,1005,0,2.0,TA,Typ,440.0,TA,0,115400
1107,RL,9572,AllPub,1Fam,NoRidge,8,1990,Gd,Ex,1453.0,Ex,1453,1357,2.0,Gd,Typ,750.0,Gd,0,302000
1108,RM,10800,AllPub,1Fam,OldTown,7,1999,TA,TA,1313.0,Gd,1313,1182,2.0,TA,Typ,342.0,TA,0,184000
1109,RL,8877,AllPub,1Fam,Edwards,4,1958,TA,TA,816.0,Ex,816,0,2.0,TA,Typ,288.0,Fa,0,100000
1110,RL,9230,AllPub,1Fam,NAmes,5,1998,TA,TA,864.0,Gd,1200,0,2.0,Gd,Typ,884.0,TA,0,146000
1111,RL,9180,AllPub,1Fam,SawyerW,5,1983,TA,Gd,840.0,Gd,884,0,2.0,Gd,Typ,504.0,TA,0,144000
1112,RM,1890,AllPub,Twnhs,BrDale,6,1973,TA,TA,672.0,TA,672,546,1.0,TA,Typ,264.0,TA,0,113000
1113,RL,7677,AllPub,1Fam,NAmes,5,1953,TA,TA,773.0,Gd,773,0,1.0,TA,Typ,240.0,TA,0,110000
1114,RM,5436,AllPub,1Fam,IDOTRR,4,2007,TA,TA,796.0,Gd,796,358,2.0,Gd,Typ,240.0,TA,0,125500
1115,RL,8010,AllPub,1Fam,NAmes,6,2007,Gd,TA,951.0,Gd,951,0,2.0,Gd,Typ,480.0,TA,0,143500
1116,RM,3964,AllPub,TwnhsE,MeadowV,6,1973,TA,Gd,942.0,Gd,1291,1230,3.0,TA,Maj1,576.0,TA,0,151400
1117,RM,9900,AllPub,1Fam,OldTown,5,2002,Gd,TA,504.0,Ex,764,700,2.0,TA,Typ,0.0,,0,129000
1118,RM,9928,AllPub,1Fam,OldTown,7,1994,TA,TA,672.0,Fa,1272,672,2.0,TA,Min2,216.0,TA,0,179900
1119,RL,10463,AllPub,1Fam,Gilbert,8,2005,Gd,Gd,893.0,Ex,901,900,2.0,Gd,Typ,800.0,TA,0,239900
1120,RL,12778,AllPub,1Fam,NAmes,5,2003,TA,TA,1008.0,Ex,1008,0,2.0,TA,Typ,280.0,TA,0,139500
1121,RL,2280,AllPub,Twnhs,NPkVill,7,1975,TA,Gd,1057.0,TA,1055,0,2.0,TA,Typ,440.0,TA,0,123000
1122,RM,5684,AllPub,1Fam,OldTown,6,2005,TA,TA,813.0,Ex,813,0,1.0,Gd,Typ,270.0,Fa,0,110000
1123,RL,9900,AllPub,1Fam,NWAmes,7,1968,TA,TA,832.0,Gd,1098,880,2.0,TA,Typ,486.0,TA,0,176000
1124,FV,3180,AllPub,TwnhsE,Somerst,7,2005,Gd,Gd,600.0,Ex,520,600,2.0,Gd,Typ,480.0,TA,0,144152
1125,RL,9825,AllPub,1Fam,Edwards,5,1966,TA,TA,1092.0,TA,1092,0,1.0,TA,Typ,264.0,TA,0,123000
1126,RM,4571,AllPub,1Fam,OldTown,5,1950,TA,TA,616.0,Ex,616,616,1.0,TA,Typ,480.0,Fa,0,114000
1127,RL,10680,AllPub,1Fam,NAmes,5,1951,TA,TA,2136.0,TA,2136,0,2.0,TA,Mod,528.0,TA,0,137900
1128,RL,9262,AllPub,1Fam,Somerst,8,2009,Gd,Gd,1573.0,Ex,1578,0,2.0,Ex,Typ,840.0,TA,0,287090
1129,RM,5940,AllPub,1Fam,BrkSide,4,1950,TA,,,TA,896,0,1.0,TA,Typ,280.0,TA,0,79000
1130,RL,19378,AllPub,1Fam,Gilbert,7,2006,Gd,Gd,1392.0,Ex,1392,1070,3.0,Gd,Typ,576.0,TA,0,320000
1131,RL,12460,AllPub,1Fam,Gilbert,7,2000,Gd,Gd,1037.0,Ex,1037,1285,2.0,TA,Typ,400.0,TA,0,225000
1132,RL,3782,AllPub,TwnhsE,Greens,8,1981,Gd,Gd,1226.0,TA,1226,0,2.0,Gd,Typ,484.0,TA,0,211500
1133,RL,7064,AllPub,1Fam,Sawyer,5,1977,TA,TA,980.0,TA,980,0,1.0,TA,Typ,484.0,TA,0,135000
1134,RL,12328,AllPub,1Fam,StoneBr,8,2005,Gd,Ex,1149.0,Ex,1164,1377,4.0,Ex,Typ,729.0,TA,0,349265
1135,RL,7590,AllPub,1Fam,NAmes,5,1962,TA,TA,864.0,TA,876,936,2.0,TA,Typ,264.0,TA,0,169500
1136,RL,10480,AllPub,1Fam,NWAmes,7,1976,TA,TA,803.0,TA,1098,866,2.0,TA,Typ,483.0,TA,0,205000
1137,RL,9382,AllPub,1Fam,CollgCr,7,2000,Gd,Gd,1468.0,Ex,1479,0,2.0,Gd,Typ,577.0,TA,0,191000
1138,RL,11250,AllPub,1Fam,CollgCr,7,1998,TA,Gd,1054.0,Ex,1070,869,2.0,Gd,Typ,555.0,TA,0,227000
1139,RL,13440,AllPub,1Fam,NridgHt,8,2007,Gd,Ex,1108.0,Ex,1148,1402,2.0,Ex,Typ,670.0,TA,0,338931
1140,RL,7200,AllPub,1Fam,NAmes,6,1954,TA,TA,854.0,Fa,854,424,1.0,TA,Typ,240.0,TA,0,127500
1141,RL,8335,AllPub,1Fam,Edwards,5,1954,TA,,0.0,Gd,1124,0,1.0,TA,Min2,0.0,,0,93000
1142,RL,9350,AllPub,Duplex,Edwards,5,1975,TA,Gd,864.0,Fa,864,0,2.0,TA,Typ,0.0,,0,99600
1143,RL,9156,AllPub,1Fam,NWAmes,6,1968,TA,TA,1489.0,Gd,1489,0,2.0,Gd,Typ,462.0,TA,0,185750
1144,RL,17400,AllPub,1Fam,Mitchel,5,1977,TA,TA,1126.0,Fa,1126,0,3.0,TA,Typ,484.0,TA,0,160000
1145,RL,19255,AllPub,1Fam,SawyerW,6,1983,Gd,Gd,520.0,Gd,1338,0,1.0,Gd,Min2,576.0,TA,0,156500
1146,RM,5976,AllPub,Duplex,OldTown,5,1950,TA,TA,624.0,Gd,624,624,2.0,TA,Typ,0.0,,0,93500
1147,RL,7162,AllPub,1Fam,Edwards,7,2004,Gd,Gd,796.0,Ex,806,918,2.0,Gd,Typ,616.0,TA,0,196500
1148,RL,11425,AllPub,1Fam,NAmes,5,1954,TA,TA,1008.0,Gd,1008,0,1.0,TA,Typ,275.0,TA,0,137000
1149,RL,7480,AllPub,1Fam,CollgCr,5,1972,TA,TA,876.0,TA,876,0,2.0,TA,Typ,484.0,TA,0,127000
1150,RL,7200,AllPub,1Fam,OldTown,7,2008,Gd,TA,560.0,Ex,930,760,2.0,Gd,Typ,624.0,TA,0,156500
1151,RL,18494,AllPub,1Fam,Gilbert,6,2005,Gd,Gd,1324.0,Ex,1324,0,2.0,Gd,Typ,430.0,TA,0,199500
1152,RM,8930,AllPub,Duplex,Sawyer,6,1978,TA,,0.0,TA,1318,584,2.0,TA,Typ,539.0,TA,0,112000
1153,RL,3203,AllPub,TwnhsE,Blmngtn,7,2006,Gd,Gd,1145.0,Ex,1145,0,2.0,Gd,Typ,437.0,TA,0,160000
1154,RL,11777,AllPub,1Fam,Sawyer,5,1966,TA,TA,1164.0,Ex,1320,0,2.0,TA,Typ,564.0,TA,0,164500
1155,RL,7200,AllPub,1Fam,NAmes,5,1950,TA,TA,876.0,TA,988,0,1.0,TA,Typ,276.0,TA,0,119000
1156,FV,3435,AllPub,TwnhsE,Somerst,7,2005,Gd,Gd,1235.0,Ex,1245,0,2.0,Gd,Typ,495.0,TA,0,178000
1157,RL,16669,AllPub,1Fam,Timber,8,1981,Gd,Gd,1686.0,TA,1707,0,2.0,TA,Typ,511.0,TA,0,228000
1158,RM,6000,AllPub,1Fam,BrkSide,6,1950,TA,TA,780.0,Ex,825,587,1.0,TA,Typ,280.0,TA,0,132500
1159,RL,8029,AllPub,1Fam,Gilbert,6,2005,TA,Gd,728.0,Ex,728,728,2.0,Gd,Typ,400.0,TA,0,176000
1160,RL,12328,AllPub,1Fam,Mitchel,6,1976,TA,TA,1012.0,TA,1034,0,2.0,TA,Typ,888.0,TA,0,169900
1161,RM,3600,AllPub,1Fam,OldTown,6,2007,TA,TA,624.0,Ex,664,624,2.0,Ex,Typ,280.0,TA,0,119000
1162,RL,9345,AllPub,1Fam,CollgCr,8,2007,Gd,Gd,1615.0,Ex,1615,0,2.0,Gd,Typ,864.0,TA,0,248500
1163,RL,8700,AllPub,1Fam,NAmes,5,1963,TA,TA,1120.0,Gd,1128,0,3.0,TA,Typ,525.0,TA,0,155000
1164,RL,7500,AllPub,1Fam,Gilbert,6,2003,TA,Gd,938.0,Ex,957,1342,3.0,TA,Typ,482.0,TA,0,204000
1165,RL,11880,AllPub,1Fam,NWAmes,7,1978,TA,Gd,1271.0,TA,1601,0,2.0,TA,Typ,478.0,TA,0,157000
1166,RL,21930,AllPub,1Fam,Gilbert,5,2005,Gd,Gd,732.0,Ex,734,1104,2.0,TA,Typ,372.0,TA,0,192140
1167,RM,6000,AllPub,1Fam,BrkSide,6,1950,TA,TA,600.0,Ex,608,624,1.0,TA,Typ,217.0,TA,0,128000
1168,FV,10603,AllPub,1Fam,Somerst,8,2006,Gd,Ex,900.0,Ex,909,886,3.0,Gd,Typ,782.0,TA,0,270000
1169,RL,10667,AllPub,1Fam,CollgCr,7,1996,Gd,Gd,799.0,Ex,827,834,3.0,Gd,Typ,550.0,TA,0,212000
1170,RL,16219,AllPub,1Fam,Gilbert,7,2005,Gd,Gd,835.0,Ex,1119,0,3.0,Gd,Typ,437.0,TA,0,188500
1171,RL,9139,AllPub,1Fam,Somerst,8,2006,Gd,Ex,1422.0,Ex,1432,0,2.0,Gd,Typ,492.0,TA,0,245000
1172,RL,12256,AllPub,1Fam,NoRidge,8,1995,Gd,Ex,1463.0,Ex,1500,1122,3.0,Gd,Typ,712.0,TA,0,325000
1173,RL,11839,AllPub,1Fam,SawyerW,7,1990,TA,Gd,1475.0,Ex,1532,797,3.0,Gd,Typ,514.0,TA,0,262280
1174,RL,14154,AllPub,1Fam,NridgHt,7,2006,Gd,Ex,1063.0,Ex,1071,1101,2.0,Gd,Typ,947.0,TA,0,280000
1175,RL,9800,AllPub,1Fam,CollgCr,5,1972,TA,TA,894.0,TA,894,0,2.0,TA,Typ,552.0,TA,0,149900
1176,RL,10637,AllPub,1Fam,CollgCr,8,2008,Gd,Ex,1705.0,Ex,1718,0,3.0,Gd,Typ,826.0,TA,0,297000
1177,RL,7132,AllPub,TwnhsE,NridgHt,8,2006,Gd,Gd,1370.0,Ex,1370,0,2.0,Gd,Typ,484.0,TA,0,205000
1178,RL,10800,AllPub,1Fam,NAmes,4,1950,TA,TA,720.0,TA,720,472,1.0,TA,Typ,0.0,,0,135000
1179,RL,8532,AllPub,1Fam,NAmes,5,1990,TA,TA,1297.0,Gd,1297,0,1.0,TA,Typ,498.0,TA,0,153000
1180,RL,13108,AllPub,1Fam,StoneBr,8,1994,Gd,Gd,2062.0,Ex,2079,608,2.0,Gd,Typ,618.0,TA,0,270000
1181,RL,10164,AllPub,1Fam,SWISU,5,1950,TA,TA,992.0,Fa,992,473,2.0,TA,Typ,240.0,TA,0,131000
1182,RL,6240,AllPub,TwnhsE,NridgHt,8,2007,Gd,Gd,1342.0,Ex,1342,0,2.0,Gd,Typ,550.0,TA,0,219500
1183,RL,9920,AllPub,1Fam,NAmes,5,1954,TA,TA,1056.0,TA,1063,0,2.0,TA,Typ,280.0,TA,0,128000
1184,RL,9743,AllPub,1Fam,NWAmes,5,1969,TA,TA,720.0,Gd,720,588,1.0,TA,Typ,484.0,TA,0,146900
1185,RL,7024,AllPub,1Fam,Edwards,4,2005,TA,Gd,1132.0,Ex,1132,0,2.0,Gd,Typ,451.0,TA,0,176000
1186,RL,9547,AllPub,1Fam,NWAmes,7,1993,TA,Gd,1594.0,Ex,1594,0,2.0,Gd,Typ,472.0,TA,0,188500
1187,RL,3196,AllPub,TwnhsE,Blmngtn,8,2003,Gd,Gd,1273.0,Ex,1456,0,2.0,Gd,Typ,400.0,TA,0,215000
1188,RL,6289,AllPub,TwnhsE,NridgHt,6,2006,Gd,Gd,1362.0,Ex,1362,0,3.0,Gd,Typ,460.0,TA,0,207000
1189,RL,11341,AllPub,1Fam,Sawyer,5,1996,TA,Gd,1392.0,TA,1392,0,2.0,TA,Mod,528.0,TA,0,121500
1190,FV,8640,AllPub,1Fam,Somerst,7,2008,Gd,Gd,1402.0,Ex,1402,0,2.0,Gd,Typ,625.0,TA,0,229800
1191,RL,13125,AllPub,1Fam,SawyerW,7,1991,Gd,Ex,1104.0,Ex,912,1215,3.0,Gd,Typ,833.0,TA,0,238000
1192,RL,8773,AllPub,1Fam,CollgCr,7,2004,Gd,Gd,1414.0,Ex,1414,0,2.0,Gd,Typ,494.0,TA,0,185500
1193,RL,9178,AllPub,1Fam,CollgCr,8,2007,Gd,Gd,1643.0,Ex,1651,0,2.0,Gd,Typ,870.0,TA,0,250000
1194,RL,8190,AllPub,1Fam,Edwards,4,1954,TA,TA,948.0,Ex,948,0,2.0,TA,Typ,280.0,TA,0,119000
1195,RL,10950,AllPub,1Fam,NAmes,5,1952,TA,TA,864.0,TA,1064,0,1.0,Fa,Typ,318.0,TA,0,135000
1196,RL,5400,AllPub,1Fam,OldTown,5,2000,TA,TA,833.0,Ex,833,0,1.0,Gd,Typ,326.0,TA,0,117000
1197,RM,8674,AllPub,1Fam,BrkSide,5,1950,TA,Fa,910.0,TA,910,525,2.0,TA,Typ,308.0,TA,0,128250
1198,RL,10751,AllPub,1Fam,Sawyer,5,1974,TA,Fa,1037.0,TA,1037,0,2.0,TA,Typ,431.0,TA,0,129000
1199,RL,11515,AllPub,1Fam,Edwards,4,1994,TA,,0.0,TA,943,0,1.0,Gd,Min2,308.0,TA,0,80000
1200,C (all),9000,AllPub,1Fam,IDOTRR,4,1950,TA,Fa,592.0,Ex,432,432,1.0,Fa,Min2,216.0,Fa,0,65000
1201,RL,9750,AllPub,1Fam,Mitchel,6,1977,TA,TA,902.0,Ex,926,0,2.0,TA,Typ,351.0,TA,0,156450
1202,RL,8118,AllPub,TwnhsE,StoneBr,9,2007,Ex,Ex,1710.0,Ex,1710,0,3.0,Ex,Typ,557.0,TA,0,334000
1203,RL,10560,AllPub,1Fam,SawyerW,7,1994,Gd,Gd,1079.0,Ex,1079,800,3.0,Gd,Typ,473.0,TA,0,239900
1204,RL,11694,AllPub,1Fam,NridgHt,9,2007,Ex,Ex,1822.0,Ex,1828,0,2.0,Gd,Typ,774.0,TA,0,314813
1205,RL,14157,AllPub,1Fam,StoneBr,9,2006,Gd,Ex,1922.0,Ex,1922,0,3.0,Gd,Typ,676.0,TA,0,377426
1206,RM,6000,AllPub,1Fam,OldTown,6,2005,Gd,TA,728.0,Gd,728,728,1.0,Gd,Typ,308.0,Fa,0,139500
1207,RM,1974,AllPub,TwnhsE,MeadowV,4,1973,TA,TA,546.0,TA,546,546,1.0,TA,Typ,286.0,TA,0,83500
1208,RL,5190,AllPub,1Fam,Edwards,7,1950,TA,TA,570.0,TA,617,462,1.0,TA,Typ,249.0,TA,0,125600
1209,RL,115149,AllPub,1Fam,ClearCr,7,2002,TA,Gd,1643.0,TA,1824,0,3.0,Gd,Typ,739.0,TA,0,302000
1210,RL,6760,AllPub,1Fam,NAmes,5,1962,TA,TA,896.0,TA,936,0,2.0,TA,Typ,288.0,TA,0,130000
1211,RL,13360,AllPub,1Fam,Crawfor,5,2006,TA,Gd,876.0,Ex,964,0,2.0,TA,Typ,432.0,TA,0,163500
1212,RL,12102,AllPub,1Fam,Edwards,5,1976,TA,Gd,456.0,Ex,1033,0,1.0,TA,Typ,504.0,Fa,0,165000
1213,RL,13125,AllPub,1Fam,Sawyer,5,2000,TA,TA,1134.0,Ex,1803,0,3.0,TA,Maj1,484.0,TA,0,155000
1214,RL,10019,AllPub,1Fam,NoRidge,8,1995,Gd,Gd,1342.0,Ex,1358,1368,2.0,Gd,Typ,725.0,TA,0,350000
1215,RL,8512,AllPub,Duplex,NAmes,5,1960,TA,TA,1556.0,TA,1556,0,2.0,TA,Typ,0.0,,0,119000
1216,RL,8125,AllPub,1Fam,NAmes,5,2005,Gd,TA,912.0,Ex,925,0,2.0,TA,Typ,576.0,TA,0,135000
1217,RL,10400,AllPub,1Fam,NWAmes,6,1972,TA,TA,732.0,Gd,1012,778,2.0,TA,Min2,484.0,TA,0,165150
1218,RL,6305,AllPub,1Fam,Crawfor,5,1950,TA,Fa,920.0,Ex,954,0,1.0,Fa,Typ,240.0,Fa,0,119750
1219,RL,7018,AllPub,Duplex,SawyerW,5,1979,TA,,0.0,TA,1535,0,2.0,TA,Typ,400.0,TA,0,118858
1220,RL,11027,AllPub,1Fam,NAmes,6,1954,TA,TA,1178.0,Gd,1293,0,3.0,TA,Typ,452.0,TA,0,149900
1221,RL,15262,AllPub,1Fam,NridgHt,8,2004,Gd,Ex,2200.0,Ex,2200,0,3.0,Ex,Typ,685.0,TA,0,382500
1222,RL,12046,AllPub,1Fam,NWAmes,6,1976,TA,TA,848.0,TA,1118,912,2.0,Gd,Typ,551.0,TA,0,195000
1223,RL,10625,AllPub,1Fam,NWAmes,7,1974,TA,Gd,1053.0,TA,1173,0,3.0,Gd,Typ,528.0,TA,0,170000
1224,RL,8769,AllPub,1Fam,CollgCr,7,2005,Gd,Gd,1169.0,Ex,1190,0,3.0,Gd,Typ,578.0,TA,0,173500
1225,RL,12800,AllPub,1Fam,SawyerW,7,1989,Gd,Gd,1518.0,Gd,1644,0,3.0,Gd,Typ,569.0,TA,0,275000
1226,RL,8294,AllPub,1Fam,NAmes,4,1971,TA,TA,858.0,TA,872,0,1.0,TA,Typ,480.0,TA,0,123000
1227,RL,3013,AllPub,TwnhsE,Blmngtn,7,2005,Gd,Gd,1362.0,Ex,1506,0,2.0,Gd,Typ,440.0,TA,0,213490
1228,FV,4017,AllPub,TwnhsE,Somerst,7,2007,Gd,Gd,625.0,Ex,625,625,2.0,Gd,Typ,625.0,TA,0,171900
1229,RL,9650,AllPub,1Fam,Crawfor,6,1950,TA,TA,784.0,TA,819,784,1.0,TA,Typ,599.0,TA,0,138000
1230,RL,10464,AllPub,1Fam,NWAmes,6,1980,TA,Gd,988.0,TA,1102,0,2.0,TA,Typ,582.0,TA,0,169000
1231,RL,9144,AllPub,1Fam,BrkSide,6,2004,TA,TA,810.0,Ex,1170,546,2.0,Gd,Typ,672.0,TA,0,162500
1232,RL,10110,AllPub,TwnhsE,NridgHt,9,2008,Ex,Gd,1858.0,Ex,1866,0,3.0,Ex,Typ,870.0,TA,0,336860
1233,RL,7153,AllPub,1Fam,SawyerW,6,1991,TA,Gd,1278.0,Gd,1294,0,3.0,Gd,Typ,496.0,TA,0,179200
1234,RM,7060,AllPub,Duplex,Mitchel,7,1998,TA,Gd,1344.0,Ex,1344,0,4.0,TA,Typ,784.0,TA,0,206300
1235,RL,10114,AllPub,1Fam,Mitchel,5,2005,TA,Ex,1430.0,Ex,1430,0,2.0,Gd,Typ,624.0,TA,0,173500
1236,RL,9819,AllPub,1Fam,Mitchel,6,1977,TA,TA,1567.0,TA,1567,0,3.0,Gd,Typ,714.0,TA,0,196000
1237,RL,9204,AllPub,1Fam,NAmes,5,1963,TA,TA,1144.0,TA,1144,0,2.0,TA,Typ,336.0,TA,0,124000
1238,RM,1869,AllPub,Twnhs,BrDale,6,1970,TA,TA,483.0,TA,483,504,1.0,TA,Typ,280.0,TA,0,106000
1239,RL,14257,AllPub,1Fam,NridgHt,9,2007,Ex,Ex,1776.0,Ex,1794,978,4.0,Ex,Typ,754.0,TA,0,462000
1240,RL,9543,AllPub,1Fam,CollgCr,7,2001,Gd,Gd,845.0,Ex,845,845,2.0,Gd,Typ,517.0,TA,0,190550
1241,RL,9920,AllPub,1Fam,NoRidge,7,1997,Gd,Gd,1117.0,Ex,1127,886,3.0,TA,Typ,455.0,TA,0,269790
1242,RL,12887,AllPub,1Fam,Mitchel,5,1984,TA,Gd,833.0,TA,833,0,2.0,Gd,Typ,495.0,TA,0,149900
1243,RL,7898,AllPub,1Fam,NAmes,4,1994,TA,TA,576.0,Gd,985,0,1.0,TA,Typ,676.0,TA,0,105000
1244,RL,2280,AllPub,Twnhs,NPkVill,7,1976,TA,TA,1055.0,TA,1055,0,3.0,TA,Typ,319.0,TA,0,137500
1245,FV,2160,AllPub,Twnhs,Somerst,7,2000,Gd,Gd,672.0,Ex,684,720,3.0,Gd,Typ,462.0,TA,0,170000
1246,FV,3628,AllPub,TwnhsE,Somerst,7,2004,Gd,Gd,1143.0,Ex,1143,0,1.0,Gd,Typ,588.0,TA,0,176400
1247,RL,12244,AllPub,1Fam,Timber,8,2003,Gd,Gd,1482.0,Ex,1482,780,3.0,Gd,Typ,749.0,TA,0,305000
1248,RL,12160,AllPub,1Fam,NAmes,6,1953,TA,TA,1505.0,Ex,1505,0,2.0,TA,Typ,505.0,TA,0,149500
1249,RL,8390,AllPub,1Fam,Gilbert,7,1999,TA,Gd,831.0,Ex,873,778,2.0,TA,Typ,450.0,TA,0,185900
1250,RL,13125,AllPub,1Fam,CollgCr,6,1998,TA,Gd,1478.0,Ex,1493,0,3.0,Gd,Typ,508.0,TA,0,208900
1251,RM,6380,AllPub,1Fam,BrkSide,5,1950,TA,TA,993.0,TA,1048,0,1.0,TA,Typ,280.0,TA,0,113000
1252,RM,3363,AllPub,TwnhsE,Edwards,7,2004,Gd,Gd,976.0,Ex,976,732,2.0,Gd,Maj1,380.0,TA,0,130000
1253,RL,15564,AllPub,1Fam,Crawfor,6,1995,TA,Gd,676.0,Ex,676,588,1.0,TA,Typ,400.0,TA,0,147500
1254,RL,8120,AllPub,1Fam,NAmes,4,1970,TA,TA,864.0,Ex,864,0,1.0,TA,Typ,463.0,TA,0,124500
1255,RL,7155,AllPub,1Fam,Crawfor,6,1991,TA,TA,686.0,TA,686,775,1.0,TA,Typ,225.0,TA,0,135000
1256,RL,13050,AllPub,1Fam,ClearCr,5,1963,TA,Gd,1000.0,Ex,1000,0,2.0,TA,Typ,575.0,TA,0,164000
1257,RM,1477,AllPub,TwnhsE,MeadowV,4,1970,TA,Gd,630.0,TA,630,0,2.0,TA,Typ,286.0,TA,0,80000
1258,RL,9649,AllPub,1Fam,Gilbert,6,2000,TA,Gd,941.0,Ex,961,683,2.0,TA,Typ,460.0,TA,0,185000
1259,RL,6950,AllPub,1Fam,CollgCr,5,1979,TA,TA,914.0,TA,914,0,2.0,TA,Typ,444.0,TA,0,134900
1260,FV,3180,AllPub,TwnhsE,Somerst,7,2005,TA,Gd,600.0,Ex,520,600,2.0,Gd,Typ,480.0,TA,0,151000
1261,RL,10519,AllPub,1Fam,Edwards,5,1999,TA,TA,1057.0,Gd,1057,0,1.0,Gd,Typ,288.0,TA,0,137000
1262,RL,8749,AllPub,1Fam,CollgCr,7,2002,Gd,Gd,840.0,Ex,840,885,2.0,Gd,Typ,550.0,TA,0,198500
1263,RL,15600,AllPub,Duplex,Crawfor,5,1991,TA,TA,1032.0,Ex,1102,1075,2.0,TA,Typ,484.0,TA,0,215000
1264,RL,4420,AllPub,TwnhsE,Greens,8,1980,Gd,Gd,728.0,TA,788,0,2.0,Gd,Typ,484.0,TA,0,155000
1265,RL,10410,AllPub,1Fam,OldTown,3,2001,TA,TA,713.0,Ex,713,0,1.0,Gd,Typ,371.0,Fa,0,99800
1266,RL,11980,AllPub,1Fam,SawyerW,7,1987,Gd,Gd,1433.0,Ex,1433,0,2.0,Gd,Typ,528.0,Gd,0,270000
1267,RM,1733,AllPub,Twnhs,Blueste,6,1980,TA,TA,516.0,TA,516,516,1.0,TA,Typ,452.0,TA,0,115000
1268,RL,9000,AllPub,1Fam,Sawyer,4,1950,Fa,,0.0,TA,998,0,1.0,TA,Min2,460.0,Fa,0,89500
1269,RL,8924,AllPub,1Fam,CollgCr,7,1999,TA,Gd,880.0,Ex,880,844,2.0,Gd,Typ,527.0,TA,0,188000
1270,RL,5070,AllPub,TwnhsE,StoneBr,8,1992,Gd,Gd,1280.0,Ex,1280,0,2.0,Gd,Typ,506.0,TA,0,180000
1271,RL,8070,AllPub,1Fam,CollgCr,4,1995,TA,Gd,990.0,Ex,990,0,2.0,TA,Typ,0.0,,0,123600
1272,RL,12150,AllPub,1Fam,Mitchel,6,1979,TA,Gd,1001.0,TA,1299,0,3.0,Gd,Typ,486.0,TA,0,183500
1273,RL,7692,AllPub,1Fam,Edwards,4,1954,TA,Ex,416.0,Gd,1204,0,1.0,TA,Typ,312.0,TA,0,100000
1274,RL,14598,AllPub,1Fam,Somerst,6,2007,Gd,Gd,894.0,Ex,894,1039,2.0,Gd,Typ,668.0,TA,0,214000
1275,RL,14694,AllPub,1Fam,Veenker,8,2008,Ex,Gd,1694.0,Ex,1694,0,3.0,Ex,Typ,642.0,TA,0,318750
1276,RM,11700,AllPub,1Fam,OldTown,7,2003,Gd,TA,1240.0,TA,1320,1320,1.0,Gd,Typ,864.0,TA,0,265979
1277,RL,7000,AllPub,1Fam,NAmes,5,1962,TA,TA,864.0,Gd,864,0,1.0,TA,Typ,336.0,TA,0,105000
1278,RM,7200,AllPub,1Fam,OldTown,7,1950,TA,Fa,596.0,Ex,998,764,2.0,Gd,Typ,576.0,TA,0,157000
1279,RL,6472,AllPub,TwnhsE,NridgHt,9,2008,Ex,Ex,1451.0,Ex,1456,0,2.0,Ex,Typ,539.0,TA,0,248500
1280,RM,6120,AllPub,1Fam,BrkSide,3,1950,Gd,TA,728.0,Ex,728,434,2.0,TA,Typ,258.0,Fa,0,75000
1281,RL,9839,AllPub,1Fam,Timber,6,2006,TA,Gd,712.0,Ex,1375,862,2.0,Gd,Typ,440.0,TA,0,204000
1282,RL,8158,AllPub,1Fam,CollgCr,7,2002,Gd,Gd,860.0,Ex,860,869,2.0,Gd,Typ,542.0,TA,0,200000
1283,RL,6904,AllPub,TwnhsE,NridgHt,6,2005,Gd,Gd,1358.0,Ex,1358,0,2.0,Gd,Typ,484.0,TA,0,213000
1284,RM,10120,AllPub,2fmCon,OldTown,7,1950,Fa,TA,925.0,TA,964,925,1.0,TA,Typ,308.0,TA,0,122000
1285,RL,14082,AllPub,1Fam,StoneBr,8,2006,Gd,Ex,2220.0,Ex,2234,0,2.0,Gd,Typ,724.0,TA,0,441929
1286,RL,9303,AllPub,1Fam,Timber,6,1997,Gd,Ex,872.0,Ex,888,868,3.0,TA,Typ,422.0,TA,0,204000
1287,RL,9000,AllPub,Duplex,NAmes,5,1974,TA,Gd,896.0,TA,896,896,2.0,TA,Typ,0.0,,0,136000
1288,RL,10208,AllPub,1Fam,NoRidge,7,1997,Gd,Gd,1264.0,Ex,1277,1067,2.0,Gd,Typ,889.0,TA,0,265000
1289,RL,6173,AllPub,1Fam,Sawyer,5,1967,TA,TA,876.0,TA,902,0,1.0,TA,Typ,288.0,TA,0,125500
1290,RM,10126,AllPub,Duplex,CollgCr,6,1998,TA,Gd,1838.0,Ex,1838,0,4.0,TA,Typ,721.0,TA,0,185000
1291,RL,10820,AllPub,1Fam,Sawyer,5,1972,TA,Gd,782.0,Ex,810,0,2.0,TA,Typ,576.0,TA,0,130000
1292,RL,7922,AllPub,1Fam,NAmes,5,2007,TA,TA,1057.0,TA,1057,0,2.0,Gd,Typ,246.0,TA,0,109000
1293,RL,6442,AllPub,TwnhsE,NridgHt,8,2006,Gd,Gd,1370.0,Ex,1370,0,2.0,Gd,Typ,484.0,TA,0,202500
1294,RL,18030,AllPub,1Fam,ClearCr,5,1994,TA,TA,1598.0,TA,1636,971,3.0,Ex,Maj1,0.0,,0,200500
1295,RL,41600,AllPub,2fmCon,Gilbert,5,1990,TA,Gd,1100.0,TA,1424,0,2.0,TA,Mod,828.0,TA,0,155000
1296,RL,10712,AllPub,1Fam,Mitchel,5,1992,TA,Gd,974.0,TA,974,0,1.0,TA,Typ,0.0,,0,93500
1297,RL,13770,AllPub,1Fam,Sawyer,5,1998,TA,TA,1158.0,TA,1176,0,2.0,TA,Typ,303.0,TA,0,137000
1298,RH,9000,AllPub,1Fam,SawyerW,6,1950,TA,Fa,784.0,TA,784,0,1.0,TA,Typ,360.0,Fa,0,76000
1299,RL,7500,AllPub,1Fam,Gilbert,6,1999,Gd,Gd,952.0,Gd,952,684,3.0,TA,Typ,440.0,TA,0,191000
1300,RL,14670,AllPub,1Fam,NAmes,6,1999,Gd,TA,1104.0,Ex,1104,884,2.0,Gd,Typ,480.0,TA,0,227000
1301,RL,10634,AllPub,1Fam,NAmes,5,1953,TA,TA,608.0,TA,1319,0,2.0,TA,Min2,270.0,TA,0,123000
1302,RL,10625,AllPub,1Fam,NridgHt,7,2004,Gd,Gd,998.0,Ex,1006,1040,3.0,Gd,Typ,871.0,TA,0,284000
1303,RL,13215,AllPub,1Fam,NridgHt,8,2004,Gd,Gd,1420.0,Ex,1426,488,3.0,Gd,Typ,746.0,TA,0,279000
1304,RL,11800,AllPub,1Fam,CollgCr,5,1974,TA,Gd,864.0,TA,894,0,1.0,TA,Typ,440.0,TA,0,131000
1305,RL,12361,AllPub,1Fam,SawyerW,6,1993,Gd,Gd,946.0,Ex,964,838,2.0,Gd,Typ,1017.0,TA,0,218000
1306,RM,5520,AllPub,1Fam,OldTown,6,1950,TA,TA,755.0,Ex,929,929,1.0,TA,Typ,0.0,,0,104000
1307,RL,10532,AllPub,1Fam,ClearCr,5,1960,TA,TA,988.0,Gd,1721,0,3.0,TA,Mod,626.0,TA,0,145000
1308,RM,7614,AllPub,1Fam,OldTown,3,1950,TA,TA,738.0,Gd,714,662,1.0,TA,Typ,216.0,TA,0,96900
1309,RL,13758,AllPub,1Fam,Timber,7,1991,Gd,Gd,1156.0,Ex,1187,530,2.0,Gd,Typ,400.0,TA,0,187500
1310,RL,7500,AllPub,1Fam,Crawfor,6,1950,TA,TA,771.0,Fa,753,741,1.0,Gd,Typ,213.0,TA,0,177500
1311,RL,7819,AllPub,1Fam,Edwards,6,1976,TA,TA,1029.0,TA,1117,0,2.0,TA,Typ,672.0,TA,0,107000
1312,RL,9337,AllPub,1Fam,CollgCr,7,1998,TA,Gd,878.0,Ex,892,800,2.0,TA,Typ,513.0,TA,0,191000
1313,RL,14190,AllPub,1Fam,OldTown,4,2006,Gd,Fa,925.0,Gd,1000,544,2.0,TA,Typ,0.0,,0,138000
1314,RL,13501,AllPub,1Fam,Somerst,8,2006,Gd,Gd,1623.0,Ex,1636,0,3.0,Gd,Typ,865.0,TA,0,255000
1315,FV,7500,AllPub,1Fam,Somerst,7,2002,Gd,Gd,952.0,Ex,952,860,2.0,TA,Typ,469.0,TA,0,205000
1316,RL,8462,AllPub,1Fam,SawyerW,6,1994,Gd,Gd,928.0,Ex,936,785,2.0,Gd,Typ,471.0,TA,0,201000
1317,RL,8158,AllPub,1Fam,CollgCr,7,2003,Gd,Gd,884.0,Ex,884,884,3.0,Gd,Typ,543.0,TA,0,224900
1318,RL,12852,AllPub,1Fam,Timber,8,2007,Gd,Gd,920.0,Ex,920,860,3.0,Gd,Typ,612.0,TA,0,264966
1319,FV,3768,AllPub,TwnhsE,Somerst,7,1999,Gd,Gd,691.0,Ex,713,739,3.0,Gd,Typ,506.0,TA,0,156000
1320,RM,6000,AllPub,1Fam,OldTown,5,1950,TA,TA,816.0,Ex,816,750,1.0,Gd,Typ,450.0,TA,0,139000
1321,RM,5586,AllPub,1Fam,OldTown,6,1998,TA,TA,901.0,Gd,1088,110,1.0,TA,Typ,0.0,,0,79900
1322,RL,13262,AllPub,1Fam,NridgHt,8,2004,Gd,Gd,1082.0,Ex,1105,1295,3.0,Gd,Typ,730.0,TA,0,290000
1323,RL,7700,AllPub,1Fam,NAmes,6,1966,TA,TA,756.0,TA,1051,788,1.0,TA,Typ,442.0,TA,0,155000
1324,RL,7244,AllPub,1Fam,Mitchel,5,1970,TA,Gd,768.0,Ex,768,0,2.0,TA,Typ,624.0,TA,0,129500
1325,RM,4571,AllPub,1Fam,OldTown,5,1950,TA,TA,624.0,Fa,624,720,1.0,TA,Typ,513.0,Fa,0,98000
1326,RL,8847,AllPub,1Fam,Somerst,8,2005,Gd,Gd,1538.0,Ex,1538,0,3.0,Gd,Typ,484.0,TA,0,260000
1327,RL,11250,AllPub,1Fam,Veenker,6,1977,Gd,Gd,1208.0,TA,1208,0,2.0,TA,Typ,546.0,TA,0,165000
1328,RL,9100,AllPub,1Fam,CollgCr,7,2005,Gd,Gd,1860.0,Ex,1836,0,2.0,Gd,Typ,484.0,TA,0,216837
1329,FV,8125,AllPub,1Fam,Somerst,7,2006,Gd,Gd,770.0,Ex,778,798,2.0,Gd,Typ,614.0,TA,0,197000
1330,RL,11988,AllPub,1Fam,Crawfor,6,1995,TA,TA,715.0,Fa,849,811,1.0,TA,Typ,240.0,TA,0,188700
1331,RL,20064,AllPub,1Fam,ClearCr,8,1976,Gd,Gd,966.0,Ex,1743,0,2.0,Gd,Typ,529.0,TA,0,279000
1332,RL,6768,AllPub,1Fam,Sawyer,6,1996,TA,TA,912.0,Gd,912,0,2.0,Gd,Typ,288.0,TA,0,142000
1333,RL,10380,AllPub,1Fam,SawyerW,7,1987,Gd,TA,1502.0,Ex,1553,1177,3.0,Gd,Typ,576.0,TA,0,301000
1334,RM,12205,AllPub,1Fam,OldTown,3,1992,TA,Fa,448.0,Gd,1588,0,2.0,TA,Maj2,0.0,,0,65000
1335,RL,6615,AllPub,1Fam,BrkSide,6,1950,TA,TA,1022.0,TA,1432,0,1.0,Gd,Typ,216.0,Fa,0,149000
1336,RM,3880,AllPub,1Fam,OldTown,5,1997,TA,TA,686.0,Gd,866,0,1.0,Gd,Typ,0.0,,0,110500
1337,RL,9873,AllPub,2fmCon,BrkSide,4,1970,TA,TA,960.0,TA,960,0,2.0,TA,Typ,576.0,TA,0,129000
1338,RL,7175,AllPub,TwnhsE,SawyerW,6,1991,Gd,Gd,1398.0,Gd,1398,0,3.0,Gd,Typ,542.0,TA,0,172000
1339,C (all),9392,AllPub,1Fam,IDOTRR,3,1950,TA,Fa,245.0,TA,797,0,1.0,TA,Typ,0.0,,0,44000
1340,FV,8125,AllPub,1Fam,Somerst,7,2006,Gd,Gd,756.0,Ex,756,797,2.0,Gd,Typ,615.0,TA,0,186500
1341,RL,9500,AllPub,1Fam,NAmes,6,1978,TA,TA,816.0,TA,1127,850,1.0,TA,Typ,540.0,TA,0,165000
1342,RL,15922,AllPub,1Fam,StoneBr,9,2006,Gd,Ex,1390.0,Ex,1390,1405,3.0,Ex,Typ,660.0,TA,0,401179
1343,FV,9000,AllPub,1Fam,Somerst,8,2006,Gd,Gd,1088.0,Ex,1088,871,2.0,Gd,Typ,1025.0,TA,0,270000
1344,RL,8665,AllPub,1Fam,Sawyer,5,1968,TA,TA,876.0,TA,897,0,1.0,TA,Typ,264.0,TA,0,115000
1345,RL,11103,AllPub,1Fam,CollgCr,7,2006,Gd,Gd,728.0,Ex,728,728,2.0,Gd,Typ,440.0,TA,0,155835
1346,RL,8499,AllPub,1Fam,Sawyer,5,1961,TA,TA,864.0,Ex,864,0,2.0,TA,Typ,732.0,TA,0,141000
1347,RL,2364,AllPub,TwnhsE,NPkVill,6,1978,Gd,Gd,855.0,TA,855,601,2.0,TA,Typ,440.0,TA,0,138000
1348,RL,12774,AllPub,1Fam,SawyerW,7,2004,Gd,Gd,835.0,Ex,835,828,2.0,Gd,Typ,478.0,TA,0,192500
1349,RL,9170,AllPub,1Fam,Edwards,5,1965,TA,TA,1214.0,Ex,1214,0,2.0,TA,Typ,461.0,Fa,0,140000
1350,RL,5400,AllPub,1Fam,OldTown,2,1950,Fa,Fa,416.0,Gd,599,0,2.0,Gd,Typ,0.0,,0,59000
1351,RL,13514,AllPub,1Fam,NridgHt,9,2008,Ex,Ex,1774.0,Ex,1808,0,3.0,Ex,Typ,850.0,TA,0,324000
1352,RL,11228,AllPub,1Fam,SawyerW,7,1993,Gd,Gd,1080.0,Ex,1080,1017,2.0,Gd,Typ,678.0,TA,0,228000
1353,RL,15602,AllPub,1Fam,Crawfor,7,1997,TA,TA,1501.0,TA,1801,0,3.0,TA,Typ,484.0,TA,0,289000
1354,RL,10400,AllPub,1Fam,NWAmes,6,1999,TA,Gd,1259.0,Ex,1353,0,3.0,TA,Typ,478.0,TA,0,192350
1355,RL,10566,AllPub,1Fam,CollgCr,8,1999,Gd,Gd,1090.0,Ex,1090,1124,3.0,Gd,Typ,646.0,TA,0,268500
1356,RL,12285,AllPub,1Fam,NAmes,7,1960,TA,TA,1329.0,Gd,1329,0,1.0,TA,Typ,441.0,TA,0,176000
1357,RM,6000,AllPub,1Fam,BrkSide,6,1950,TA,TA,608.0,TA,608,524,2.0,TA,Typ,240.0,TA,0,134000
1358,RL,9991,AllPub,1Fam,Sawyer,4,1993,TA,TA,1281.0,Ex,1620,0,3.0,TA,Min1,490.0,TA,0,150000
1359,RL,12224,AllPub,1Fam,Gilbert,6,2000,Gd,Gd,992.0,Ex,1022,1032,3.0,Gd,Typ,390.0,TA,0,244000
1360,RL,12568,AllPub,1Fam,NridgHt,8,2007,Gd,Ex,895.0,Ex,895,923,3.0,Ex,Typ,774.0,TA,0,281500
1361,RM,13500,AllPub,1Fam,OldTown,10,2000,Ex,TA,1237.0,Gd,1521,1254,3.0,Gd,Typ,880.0,Gd,0,325000
1362,RM,8520,AllPub,1Fam,OldTown,6,1950,TA,TA,714.0,TA,1664,862,2.0,Gd,Typ,216.0,TA,0,136000
1363,RH,11622,AllPub,1Fam,NAmes,5,1961,TA,TA,882.0,TA,896,0,1.0,TA,Typ,730.0,TA,0,105000
1364,RL,3182,AllPub,TwnhsE,Blmngtn,7,2006,Gd,Gd,1145.0,Ex,1145,0,2.0,Gd,Typ,397.0,TA,0,160200
1365,RL,16500,AllPub,1Fam,NWAmes,6,1971,TA,Gd,1232.0,Fa,1320,0,2.0,TA,Typ,495.0,TA,0,172500
1366,RL,10452,AllPub,1Fam,Crawfor,7,1985,Gd,Gd,1528.0,Ex,1225,908,2.0,TA,Typ,312.0,TA,0,257500
1367,RL,9662,AllPub,Duplex,Sawyer,5,1977,TA,Gd,1967.0,TA,1967,0,2.0,TA,Typ,580.0,TA,0,156500
1368,RL,9830,AllPub,1Fam,NAmes,5,2006,TA,TA,1063.0,Ex,1287,0,2.0,Gd,Typ,576.0,TA,0,162000
1369,RL,23580,AllPub,1Fam,Mitchel,6,1979,TA,Gd,1625.0,TA,1625,0,2.0,Fa,Typ,576.0,TA,0,242500
1370,RL,9801,AllPub,1Fam,Somerst,8,2007,Gd,Gd,1341.0,Ex,1341,520,3.0,Gd,Typ,851.0,TA,0,257000
1371,RL,15593,AllPub,1Fam,ClearCr,7,1953,Gd,TA,1304.0,TA,1304,983,2.0,TA,Typ,667.0,TA,0,225000
1372,RM,8520,AllPub,1Fam,OldTown,6,2003,TA,TA,624.0,Gd,720,0,1.0,TA,Typ,484.0,TA,0,105900
1373,RL,7917,AllPub,1Fam,Gilbert,6,2000,TA,Gd,953.0,Ex,953,694,2.0,TA,Typ,460.0,TA,0,175000
1374,RL,8777,AllPub,1Fam,Edwards,4,2003,TA,,0.0,Ex,1126,0,2.0,Gd,Typ,520.0,TA,0,108000
1375,RL,7750,AllPub,1Fam,Gilbert,7,2000,TA,Gd,384.0,Ex,774,656,2.0,TA,Typ,400.0,TA,0,156000
1376,RL,2308,AllPub,TwnhsE,NPkVill,6,1974,TA,TA,855.0,TA,855,467,2.0,TA,Typ,440.0,TA,0,147000
1377,RM,5914,AllPub,1Fam,OldTown,5,1996,TA,Fa,684.0,Gd,684,396,1.0,Gd,Typ,0.0,,0,95000
1378,RL,8769,AllPub,TwnhsE,NridgHt,9,2008,Ex,Ex,1702.0,Ex,1702,0,2.0,Ex,Typ,1052.0,TA,0,367294
1379,RM,9000,AllPub,1Fam,OldTown,8,2002,Gd,Fa,346.0,Ex,1157,1111,3.0,Gd,Typ,624.0,TA,0,240000
1380,RL,6600,AllPub,1Fam,Mitchel,5,2005,TA,TA,845.0,Gd,845,0,1.0,Gd,Typ,264.0,TA,0,134500
1381,RM,6000,AllPub,1Fam,OldTown,6,1950,TA,TA,845.0,TA,866,430,1.0,TA,Typ,576.0,TA,0,127500
1382,RL,11645,AllPub,1Fam,CollgCr,7,2004,Gd,Gd,860.0,Ex,860,860,2.0,Gd,Typ,565.0,TA,0,196500
1383,RL,11838,AllPub,1Fam,CollgCr,8,2001,Gd,Gd,1753.0,Ex,1788,0,2.0,Ex,Typ,522.0,TA,0,236500
1384,RL,7703,AllPub,1Fam,SawyerW,6,1992,Gd,Gd,816.0,Ex,833,897,2.0,Gd,Typ,528.0,TA,0,171500
1385,RM,9100,AllPub,1Fam,BrkSide,5,1960,TA,TA,742.0,TA,779,0,1.0,TA,Typ,308.0,TA,0,79500
1386,RL,9100,AllPub,1Fam,CollgCr,7,2000,Gd,Gd,1525.0,Ex,1525,0,3.0,Gd,Typ,541.0,TA,0,235000
1387,FV,4217,AllPub,TwnhsE,Somerst,6,2008,Gd,Gd,1145.0,Ex,1256,0,2.0,Gd,Typ,641.0,TA,0,195000
1388,RL,11690,AllPub,1Fam,CollgCr,8,2000,Gd,Gd,850.0,Ex,886,878,2.0,Gd,Typ,560.0,TA,0,207000
1389,RM,6000,AllPub,1Fam,BrkSide,6,2004,Gd,TA,884.0,Gd,904,0,1.0,TA,Typ,180.0,TA,0,119000
1390,RL,12090,AllPub,1Fam,NWAmes,6,1981,TA,Gd,1422.0,TA,1422,0,2.0,Gd,Typ,576.0,TA,0,175500
1391,FV,7000,AllPub,1Fam,Somerst,7,2003,Gd,Gd,926.0,Ex,1016,868,3.0,Ex,Typ,581.0,TA,0,240900
1392,RL,8393,AllPub,Duplex,NAmes,5,2005,TA,TA,1626.0,Ex,1712,0,2.0,TA,Typ,588.0,TA,0,145000
1393,RL,13438,AllPub,1Fam,Timber,9,2008,Ex,Ex,2190.0,Ex,2036,0,3.0,Ex,Typ,780.0,TA,0,410000
1394,RL,7200,AllPub,1Fam,SWISU,5,1950,TA,Gd,731.0,Ex,981,787,2.0,Gd,Typ,240.0,TA,0,175000
1395,RL,10762,AllPub,1Fam,Gilbert,7,1999,Gd,Gd,978.0,Ex,1005,978,2.0,Gd,Typ,490.0,TA,0,225000
1396,RL,9020,AllPub,1Fam,NAmes,6,1964,TA,TA,1248.0,TA,1350,0,2.0,TA,Typ,520.0,TA,0,168500
1397,RL,8121,AllPub,1Fam,Gilbert,6,2000,TA,Gd,953.0,Ex,953,711,2.0,TA,Typ,460.0,TA,0,172400
1398,RL,9736,AllPub,1Fam,NAmes,6,1969,TA,TA,1331.0,Gd,1721,0,1.0,TA,Typ,464.0,TA,0,174850
1399,RL,17485,AllPub,1Fam,Edwards,7,2010,Gd,Gd,1508.0,Ex,1508,0,2.0,Gd,Typ,572.0,TA,0,308030
1400,RL,3874,AllPub,TwnhsE,Greens,8,1980,Gd,Gd,1226.0,TA,1226,0,2.0,Gd,Typ,484.0,TA,0,190000
1401,RL,11050,AllPub,1Fam,NWAmes,7,1975,TA,TA,1176.0,Fa,1193,0,2.0,TA,Typ,506.0,TA,0,158000
1402,RL,11475,AllPub,Duplex,NAmes,5,1958,TA,TA,1584.0,TA,1776,0,3.0,TA,Typ,888.0,TA,0,110000
1403,RL,5707,AllPub,1Fam,SWISU,6,1950,TA,TA,583.0,Gd,647,595,1.0,TA,Typ,180.0,Fa,0,105000
1404,RL,8544,AllPub,Duplex,NAmes,3,1950,TA,,0.0,Fa,1040,0,2.0,TA,Typ,400.0,TA,0,81400
1405,RL,9129,AllPub,1Fam,Mitchel,5,1977,TA,Gd,923.0,TA,1008,0,2.0,Gd,Typ,678.0,TA,0,153500
1406,RL,12925,AllPub,1Fam,NAmes,6,1970,TA,TA,1205.0,Ex,2117,0,2.0,TA,Typ,550.0,TA,0,237500
1407,FV,2645,AllPub,Twnhs,Somerst,8,1999,Gd,Gd,960.0,Ex,962,624,3.0,Gd,Typ,480.0,TA,0,170000
1408,RL,7984,AllPub,1Fam,Gilbert,7,2005,Gd,Gd,868.0,Ex,868,762,2.0,Gd,Typ,436.0,TA,0,189500
1409,RM,6240,AllPub,1Fam,BrkSide,6,1950,TA,TA,884.0,TA,959,408,1.0,TA,Typ,560.0,TA,0,127500
1410,RL,10083,AllPub,1Fam,SawyerW,7,2003,Gd,Gd,1176.0,Ex,1200,0,3.0,Gd,Typ,555.0,TA,0,184900
1411,RL,14331,AllPub,1Fam,Timber,8,2002,Gd,Ex,1800.0,Ex,1800,0,3.0,Gd,Typ,765.0,TA,0,312500
1412,RL,14226,AllPub,1Fam,NridgHt,8,2006,Gd,Gd,1935.0,Gd,1973,0,2.0,Gd,Typ,895.0,TA,0,395000
1413,RL,9942,AllPub,1Fam,NridgHt,9,2006,Ex,Ex,1606.0,Ex,1625,466,3.0,Ex,Typ,521.0,TA,0,338500
1414,RL,9549,AllPub,TwnhsE,Veenker,8,1996,Gd,Gd,1494.0,Ex,1494,0,2.0,Ex,Typ,481.0,TA,0,270000
1415,RL,40094,AllPub,1Fam,Edwards,10,2008,Ex,Ex,3138.0,Ex,3138,1538,4.0,Ex,Typ,884.0,TA,0,184750
1416,RL,11250,AllPub,1Fam,CollgCr,7,1996,Gd,Gd,930.0,Ex,950,1045,3.0,Gd,Typ,610.0,TA,0,237000
1417,RM,5000,AllPub,1Fam,BrkSide,6,1950,TA,TA,992.0,Ex,1013,0,1.0,TA,Typ,160.0,Fa,0,113000
1418,RL,8892,AllPub,1Fam,NAmes,5,1960,TA,TA,1065.0,Gd,1065,0,1.0,TA,Typ,461.0,TA,0,126500
1419,RM,5310,AllPub,1Fam,OldTown,6,2003,TA,TA,485.0,Gd,1001,634,1.0,Gd,Typ,255.0,Fa,0,117000
1420,RL,7000,AllPub,1Fam,SWISU,7,1997,TA,TA,624.0,Ex,743,736,2.0,Gd,Typ,312.0,TA,0,160000
1421,RL,11414,AllPub,1Fam,BrkSide,7,1993,TA,Gd,728.0,TA,1136,883,1.0,Gd,Typ,532.0,TA,0,167500
1422,RL,15138,AllPub,1Fam,NoRidge,8,1996,Gd,Gd,1462.0,Ex,1490,1304,3.0,Ex,Typ,810.0,TA,0,403000
1423,RL,8400,AllPub,1Fam,NWAmes,8,2001,Gd,Gd,810.0,Ex,810,855,3.0,Gd,Typ,528.0,TA,0,227000
1424,RL,8816,AllPub,1Fam,ClearCr,6,1971,TA,TA,1010.0,Gd,1052,0,2.0,TA,Typ,440.0,TA,0,155000
1425,RL,8854,AllPub,1Fam,BrkSide,6,1950,TA,TA,952.0,Fa,952,0,1.0,Fa,Typ,192.0,Fa,0,121000
1426,RM,7000,AllPub,1Fam,IDOTRR,6,1998,TA,TA,894.0,TA,919,0,2.0,TA,Typ,195.0,TA,0,126000
1427,RL,24682,AllPub,1Fam,Gilbert,6,1999,TA,Gd,841.0,Ex,892,783,2.0,TA,Typ,502.0,TA,0,181000
1428,RL,13260,AllPub,Duplex,NAmes,5,2001,TA,TA,1728.0,TA,1728,0,4.0,TA,Typ,0.0,,0,84900
1429,RM,1900,AllPub,TwnhsE,MeadowV,4,1970,TA,TA,546.0,Ex,546,546,1.0,TA,Typ,0.0,,0,88250
1430,RL,8000,AllPub,1Fam,NAmes,5,1959,TA,Gd,528.0,TA,1183,0,2.0,TA,Typ,288.0,TA,0,138000
1431,RL,6410,AllPub,1Fam,Edwards,4,1959,TA,TA,876.0,TA,876,0,1.0,TA,Typ,320.0,TA,0,85000
1432,RL,11394,AllPub,1Fam,StoneBr,9,2010,Gd,Ex,1856.0,Ex,1856,0,2.0,Ex,Typ,834.0,TA,0,394432
1433,RL,8410,AllPub,1Fam,Mitchel,6,1974,TA,Gd,970.0,TA,1026,0,2.0,TA,Typ,528.0,TA,0,143000
1434,RL,19522,AllPub,1Fam,Veenker,7,1990,Gd,Gd,1223.0,Gd,1271,1232,3.0,Gd,Typ,564.0,TA,0,300000
1435,RL,12919,AllPub,1Fam,NridgHt,9,2010,Ex,Ex,2330.0,Ex,2364,0,3.0,Ex,Typ,820.0,TA,0,611657
1436,RL,53227,AllPub,1Fam,ClearCr,4,1994,TA,Gd,1364.0,Ex,1663,0,2.0,Gd,Min1,529.0,TA,0,256000
1437,RL,10732,AllPub,1Fam,NridgHt,8,2007,Gd,Gd,1298.0,Ex,1298,530,2.0,Gd,Typ,876.0,TA,0,250000
1438,RL,10295,AllPub,1Fam,NAmes,4,1969,TA,Gd,936.0,TA,936,0,1.0,TA,Typ,288.0,TA,0,111900
1439,RL,11050,AllPub,1Fam,Mitchel,7,1997,TA,Gd,910.0,Ex,910,910,2.0,Gd,Typ,816.0,TA,0,213000
1440,RM,5633,AllPub,1Fam,OldTown,5,1950,TA,TA,844.0,TA,844,0,1.0,TA,Typ,216.0,TA,0,111500
1441,RL,14753,AllPub,1Fam,CollgCr,7,1998,TA,Gd,1463.0,Ex,1463,0,3.0,TA,Typ,539.0,TA,0,207000
1442,RL,13517,AllPub,1Fam,Sawyer,6,2005,Gd,TA,725.0,Ex,725,754,2.0,Gd,Typ,475.0,TA,0,130500
1443,RL,7018,AllPub,Duplex,SawyerW,5,1979,TA,,0.0,TA,1535,0,2.0,TA,Typ,410.0,TA,0,118964
1444,RL,8850,AllPub,1Fam,BrkSide,6,1950,TA,TA,768.0,Ex,752,624,1.0,Gd,Typ,576.0,TA,0,165000
1445,RL,8248,AllPub,1Fam,Edwards,3,1950,TA,TA,864.0,TA,864,0,2.0,TA,Typ,0.0,,0,67000
1446,RL,13300,AllPub,1Fam,Gilbert,7,2004,Gd,Gd,384.0,Ex,744,630,3.0,Gd,Typ,400.0,TA,0,184500
1447,RL,8750,AllPub,1Fam,CollgCr,6,1998,TA,Gd,804.0,Ex,804,878,2.0,Gd,Typ,523.0,TA,0,200500
1448,RL,7733,AllPub,1Fam,SawyerW,6,2005,TA,TA,1142.0,Ex,1142,0,1.0,Gd,Typ,0.0,,0,139500
1449,RL,9768,AllPub,1Fam,NAmes,5,1955,TA,TA,960.0,Gd,960,0,2.0,TA,Typ,330.0,TA,0,122000
1450,RL,8633,AllPub,1Fam,CollgCr,6,2005,Gd,Gd,738.0,Ex,738,738,3.0,Gd,Typ,540.0,TA,0,173500
1451,RL,7832,AllPub,1Fam,Sawyer,5,1968,TA,TA,864.0,Ex,864,0,2.0,TA,Typ,280.0,TA,0,137250
1452,RL,10356,AllPub,1Fam,CollgCr,5,1975,TA,TA,969.0,TA,969,0,1.0,TA,Typ,440.0,TA,0,122000
1453,RL,8385,AllPub,Duplex,Mitchel,6,1978,TA,TA,1664.0,TA,1664,0,2.0,TA,Typ,616.0,TA,0,145000
1454,RL,7632,AllPub,1Fam,SawyerW,7,2005,Gd,Gd,784.0,Ex,831,754,2.0,Gd,Typ,449.0,TA,0,184900
1455,RL,12376,AllPub,1Fam,SawyerW,7,1990,TA,Gd,1673.0,Gd,1699,1523,4.0,Gd,Typ,594.0,TA,0,320000
1456,RM,4426,AllPub,TwnhsE,CollgCr,6,2004,Gd,Gd,848.0,Ex,848,0,2.0,Gd,Typ,420.0,TA,0,149300
1457,RL,12292,AllPub,1Fam,StoneBr,9,2006,Gd,Ex,1094.0,Ex,1102,1371,2.0,Gd,Typ,675.0,TA,0,356383
1458,FV,8470,AllPub,1Fam,Somerst,8,2002,Gd,Gd,972.0,Ex,972,839,2.0,Gd,Typ,565.0,TA,0,235000
1459,RL,16492,AllPub,1Fam,NAmes,6,2002,Gd,TA,1517.0,Ex,1888,0,2.0,Gd,Mod,578.0,TA,0,190000
1460,RL,10197,AllPub,1Fam,NAmes,6,1961,TA,TA,1362.0,TA,1362,0,2.0,TA,Typ,504.0,TA,0,163000
1461,RL,3182,AllPub,TwnhsE,Blmngtn,8,2005,Gd,Gd,1256.0,Ex,1269,0,2.0,Gd,Typ,430.0,TA,0,192000
1462,RL,9610,AllPub,1Fam,NAmes,6,1958,TA,TA,1121.0,Ex,1336,0,1.0,TA,Typ,488.0,TA,0,162000
1463,RL,11275,AllPub,1Fam,Crawfor,6,1950,TA,TA,854.0,TA,1096,895,1.0,TA,Typ,432.0,TA,0,220000
1464,RL,10791,AllPub,1Fam,NWAmes,6,1993,TA,Gd,1280.0,Ex,1280,1215,3.0,Gd,Typ,660.0,TA,0,243500
1465,RL,10530,AllPub,1Fam,NWAmes,7,1978,TA,TA,945.0,TA,945,912,2.0,TA,Typ,482.0,TA,0,188900
1466,RM,8626,AllPub,1Fam,OldTown,4,1956,TA,,0.0,Gd,968,0,1.0,TA,Typ,331.0,Fa,0,104500
1467,RL,12968,AllPub,1Fam,Sawyer,5,1962,TA,TA,912.0,TA,912,0,2.0,TA,Typ,352.0,TA,0,144000
1468,FV,8125,AllPub,1Fam,Somerst,7,2007,Gd,Gd,813.0,Ex,822,843,2.0,Gd,Typ,562.0,TA,0,205950
1469,RL,4740,AllPub,TwnhsE,StoneBr,8,1988,Gd,Gd,1166.0,Gd,1179,0,3.0,TA,Typ,480.0,TA,0,182000
1470,RL,9981,AllPub,1Fam,Sawyer,5,1967,TA,TA,1073.0,Gd,1073,0,1.0,TA,Typ,270.0,TA,0,120000
1471,RL,7018,AllPub,Duplex,SawyerW,5,1979,TA,,0.0,TA,1535,0,2.0,TA,Typ,400.0,TA,0,118858
1472,RL,9120,AllPub,1Fam,NAmes,6,1958,TA,TA,1261.0,Ex,1261,0,2.0,TA,Typ,433.0,TA,0,163000
1473,RL,9660,AllPub,1Fam,NoRidge,8,1997,Gd,Gd,1173.0,Ex,1182,1017,2.0,Gd,Typ,516.0,TA,0,284500
1474,RL,9750,AllPub,1Fam,CollgCr,7,2001,Gd,Gd,1630.0,Ex,1630,0,2.0,Gd,Typ,451.0,TA,0,213000
1475,RM,9000,AllPub,1Fam,IDOTRR,5,1958,TA,TA,1151.0,Gd,1151,804,2.0,TA,Typ,356.0,TA,0,165500
1476,RL,14250,AllPub,1Fam,NAmes,6,1957,TA,TA,998.0,TA,1790,0,2.0,TA,Typ,540.0,TA,0,180000
1477,RL,11050,AllPub,1Fam,NWAmes,6,1968,TA,TA,1740.0,Fa,1740,0,1.0,TA,Typ,512.0,TA,0,150000
1478,RL,7023,AllPub,1Fam,Edwards,5,2006,TA,Gd,734.0,Gd,734,674,3.0,TA,Typ,489.0,TA,0,171500
1479,RL,4084,AllPub,TwnhsE,Timber,7,1986,Gd,Gd,1277.0,Gd,1501,0,3.0,Gd,Typ,512.0,TA,0,241500
1480,RL,9720,AllPub,1Fam,CollgCr,5,1977,TA,TA,995.0,TA,1009,0,2.0,TA,Typ,576.0,TA,0,160000
1481,FV,2572,AllPub,Twnhs,Somerst,7,1999,Gd,Gd,696.0,Ex,696,720,3.0,Gd,Typ,484.0,TA,0,155000
1482,RM,9600,AllPub,2fmCon,OldTown,5,1960,TA,TA,973.0,TA,1377,973,2.0,TA,Typ,393.0,TA,0,130000
1483,RL,12450,AllPub,1Fam,SawyerW,5,2004,TA,Gd,1114.0,Ex,1114,0,3.0,Gd,Typ,576.0,TA,0,153000
1484,RL,13560,AllPub,1Fam,NAmes,6,1968,TA,Fa,1392.0,Gd,1392,0,2.0,TA,Maj2,576.0,TA,0,110000
1485,RL,16905,AllPub,1Fam,Timber,5,1959,TA,TA,1350.0,Gd,1328,0,1.0,TA,Typ,308.0,TA,0,170000
1486,RL,8176,AllPub,1Fam,NAmes,5,1992,TA,TA,1056.0,Fa,1056,0,2.0,TA,Typ,308.0,TA,0,139000
1487,RL,10000,AllPub,1Fam,Mitchel,5,2002,Gd,Gd,1441.0,Ex,1392,0,2.0,Gd,Typ,650.0,TA,0,215000
1488,RL,12291,AllPub,1Fam,Somerst,10,2007,Ex,Ex,1966.0,Ex,1966,0,3.0,Ex,Typ,1092.0,TA,0,419005
1489,RL,3182,AllPub,TwnhsE,Blmngtn,7,2006,Gd,Gd,1346.0,Ex,1504,0,2.0,Gd,Typ,457.0,TA,0,181000
1490,RL,9272,AllPub,1Fam,CollgCr,7,1999,Gd,Gd,842.0,Ex,856,893,2.0,Gd,Typ,515.0,TA,0,196000
1491,RL,10200,AllPub,1Fam,NAmes,5,2003,TA,TA,1086.0,Gd,1086,0,2.0,TA,Typ,490.0,TA,0,144900
1492,RL,10050,AllPub,1Fam,NAmes,5,1955,TA,TA,1216.0,TA,1216,0,2.0,TA,Typ,336.0,TA,0,129500
1493,RL,10933,AllPub,1Fam,CollgCr,9,2009,Ex,Ex,1555.0,Ex,1680,0,2.0,Ex,Typ,1138.0,TA,0,323262
1494,C (all),7879,AllPub,1Fam,IDOTRR,4,1950,TA,TA,720.0,TA,720,0,1.0,TA,Typ,0.0,,0,34900
1495,RM,9140,AllPub,1Fam,IDOTRR,6,1975,TA,TA,629.0,Fa,727,380,1.0,TA,Typ,625.0,TA,0,110000
1496,RL,10084,AllPub,1Fam,Somerst,8,2005,Gd,Ex,1686.0,Ex,1694,0,3.0,Gd,Typ,636.0,TA,0,307000
1497,RL,11478,AllPub,1Fam,NridgHt,8,2008,Gd,Ex,1704.0,Ex,1704,0,3.0,Gd,Typ,772.0,TA,0,306000
1498,RL,8014,AllPub,1Fam,Sawyer,6,1978,TA,Gd,456.0,TA,1034,0,1.0,TA,Typ,504.0,TA,0,149900
1499,RL,7400,AllPub,1Fam,Sawyer,5,1984,TA,Gd,1060.0,TA,1126,0,2.0,TA,Typ,506.0,TA,0,152000
1500,RL,7200,AllPub,1Fam,Edwards,6,2001,TA,TA,684.0,TA,684,714,1.0,TA,Typ,440.0,TA,0,160500
1501,C (all),18000,AllPub,1Fam,IDOTRR,3,1950,Fa,TA,894.0,TA,894,0,1.0,TA,Typ,1248.0,TA,0,81000
1502,RL,10928,AllPub,1Fam,NWAmes,6,1986,TA,TA,1427.0,TA,1671,0,2.0,TA,Typ,484.0,TA,0,200000
1503,FV,8640,AllPub,1Fam,Somerst,8,2007,Gd,Gd,896.0,Ex,896,896,2.0,Gd,Typ,590.0,TA,0,255000
1504,RL,18160,AllPub,1Fam,Gilbert,6,1964,TA,TA,1302.0,Fa,1128,0,2.0,TA,Typ,480.0,TA,0,154204
1505,RL,7950,AllPub,1Fam,Edwards,6,1977,TA,TA,690.0,TA,698,728,1.0,TA,Typ,440.0,TA,0,159500
1506,RL,9600,AllPub,1Fam,Edwards,6,1950,TA,TA,572.0,Fa,572,524,1.0,TA,Typ,0.0,,0,79000
1507,RL,7585,AllPub,1Fam,Edwards,5,1950,TA,Fa,810.0,Fa,1002,454,2.0,TA,Typ,280.0,TA,0,91500
1508,RL,9375,AllPub,1Fam,CollgCr,7,1998,TA,Gd,1057.0,Ex,1057,977,3.0,Gd,Typ,645.0,TA,0,219500
1509,RL,12633,AllPub,1Fam,Timber,10,2007,Ex,Ex,1824.0,Ex,1824,0,2.0,Ex,Typ,932.0,TA,0,392000
1510,RL,16560,AllPub,1Fam,Crawfor,6,1950,TA,Gd,952.0,TA,1170,1175,2.0,TA,Typ,360.0,TA,0,239000
1511,RL,8400,AllPub,1Fam,SawyerW,6,1981,TA,Gd,650.0,TA,888,676,2.0,TA,Typ,476.0,TA,0,171000
1512,FV,11639,AllPub,1Fam,Somerst,7,2008,Gd,Gd,1428.0,Ex,1428,0,2.0,Gd,Typ,480.0,TA,0,182000
1513,RL,8251,AllPub,1Fam,Somerst,7,2006,Gd,Gd,1494.0,Ex,1506,0,3.0,Gd,Typ,672.0,TA,0,249000
1514,RL,8760,AllPub,1Fam,CollgCr,7,2006,Gd,Gd,1391.0,Ex,1391,571,2.0,Gd,Typ,868.0,TA,0,239799
1515,RL,28698,AllPub,1Fam,ClearCr,5,1967,TA,TA,1013.0,TA,1160,966,2.0,TA,Min2,538.0,TA,0,185000
1516,RL,11896,AllPub,1Fam,Timber,7,2008,Gd,Gd,1336.0,Ex,1346,0,3.0,Gd,Typ,660.0,TA,0,220000
1517,RL,10547,AllPub,Duplex,Edwards,5,1978,TA,Gd,1152.0,TA,1152,0,4.0,TA,Typ,252.0,TA,0,159900
1518,RL,5604,AllPub,1Fam,Edwards,5,1950,TA,TA,864.0,TA,864,0,2.0,TA,Typ,0.0,,0,98000
1519,RL,17433,AllPub,1Fam,NoRidge,8,1998,Gd,Ex,1629.0,Ex,1645,830,2.0,Gd,Typ,962.0,TA,0,355000
1520,RL,9120,AllPub,1Fam,BrkSide,7,1950,TA,TA,1026.0,Ex,1133,687,3.0,TA,Typ,240.0,TA,0,184000
1521,RL,9750,AllPub,1Fam,NAmes,5,1967,TA,TA,980.0,Gd,980,0,2.0,TA,Typ,384.0,TA,0,135500
1522,FV,4282,AllPub,TwnhsE,Somerst,7,2004,Gd,Gd,1391.0,Ex,1391,0,2.0,Gd,Typ,530.0,TA,0,196000
1523,FV,3316,AllPub,TwnhsE,Somerst,8,2005,Gd,Gd,1247.0,Ex,1247,0,2.0,Gd,Typ,550.0,TA,0,197000
1524,RM,5568,AllPub,TwnhsE,Crawfor,8,2007,Gd,Gd,1573.0,Gd,1625,0,3.0,Gd,Typ,495.0,TA,0,375000
1525,RL,10357,AllPub,1Fam,SawyerW,7,1991,Gd,Gd,910.0,Gd,1442,0,3.0,Gd,Typ,719.0,TA,0,179900
1526,RM,9184,AllPub,1Fam,OldTown,5,2005,TA,TA,780.0,Ex,948,375,1.0,TA,Typ,400.0,TA,0,122600
1527,RL,7476,AllPub,1Fam,Sawyer,5,1968,TA,TA,1040.0,TA,1040,0,2.0,TA,Typ,686.0,TA,0,145000
1528,RL,24090,AllPub,1Fam,ClearCr,7,1950,TA,TA,1032.0,Ex,1207,1196,2.0,TA,Typ,349.0,TA,0,244400
1529,RL,8750,AllPub,1Fam,NAmes,5,1970,TA,TA,1002.0,TA,1002,0,2.0,TA,Typ,902.0,TA,0,148500
1530,RM,9600,AllPub,1Fam,OldTown,4,1950,TA,TA,1095.0,Fa,1095,679,3.0,TA,Min2,779.0,Fa,0,87000
1531,RL,21750,AllPub,1Fam,Mitchel,5,1954,TA,TA,988.0,Ex,988,0,1.0,TA,Typ,520.0,TA,0,113000
1532,RL,7360,AllPub,1Fam,CollgCr,7,2010,Gd,Gd,1222.0,Ex,1222,0,2.0,Gd,Typ,615.0,TA,0,187000
1533,RL,12000,AllPub,1Fam,Veenker,7,1980,Gd,Gd,2002.0,Ex,2362,0,3.0,Gd,Typ,546.0,Gd,0,255000
1534,RL,9100,AllPub,1Fam,NAmes,6,1959,TA,TA,864.0,Ex,864,0,1.0,TA,Typ,300.0,Ex,0,127500
1535,RL,9400,AllPub,Duplex,Mitchel,6,1971,TA,TA,912.0,TA,912,912,2.0,TA,Typ,0.0,,0,139000
1536,RL,11000,AllPub,1Fam,NoRidge,8,2000,Gd,Gd,969.0,Ex,997,1288,2.0,Gd,Typ,648.0,TA,0,248000
1537,RL,6955,AllPub,TwnhsE,NridgHt,7,2006,Gd,Gd,1368.0,Ex,1368,0,2.0,Gd,Typ,474.0,TA,0,202500
1538,RL,8243,AllPub,1Fam,NAmes,5,1961,TA,TA,964.0,Ex,964,0,1.0,TA,Typ,784.0,TA,0,137500
1539,RM,5587,AllPub,TwnhsE,Crawfor,8,2008,Ex,Ex,1600.0,Ex,1652,0,3.0,Gd,Typ,482.0,TA,0,392500
1540,RH,3612,AllPub,Twnhs,Landmrk,6,1994,TA,Gd,630.0,Ex,630,690,2.0,TA,Typ,484.0,TA,0,137000
1541,RL,12760,AllPub,Duplex,Mitchel,6,1976,TA,TA,1958.0,TA,2048,0,3.0,TA,Typ,776.0,TA,0,170000
1542,RL,9717,AllPub,1Fam,NAmes,5,1996,TA,TA,1078.0,Gd,1078,0,2.0,Gd,Typ,240.0,TA,0,142125
1543,RL,15431,AllPub,1Fam,NridgHt,10,2008,Ex,Ex,3094.0,Ex,2402,0,3.0,Ex,Typ,672.0,TA,0,555000
1544,FV,2544,AllPub,Twnhs,Somerst,7,2005,Gd,Gd,600.0,Ex,520,623,2.0,Gd,Typ,480.0,TA,0,149900
1545,RL,14419,AllPub,1Fam,Timber,7,1989,TA,Gd,1645.0,Ex,1479,0,4.0,Gd,Min1,578.0,TA,0,213500
1546,RL,8400,AllPub,1Fam,NAmes,5,1968,TA,TA,1052.0,Gd,1052,0,2.0,TA,Typ,288.0,TA,0,138500
1547,RM,10320,AllPub,1Fam,IDOTRR,5,1978,TA,TA,880.0,Gd,880,428,2.0,TA,Typ,400.0,Fa,0,120000
1548,RL,9450,AllPub,1Fam,Edwards,4,1954,TA,TA,894.0,Ex,894,0,1.0,TA,Typ,400.0,TA,0,110000
1549,RL,9350,AllPub,1Fam,NAmes,6,1991,TA,Gd,1302.0,Ex,1302,0,2.0,Gd,Min1,309.0,TA,0,158000
1550,RL,45600,AllPub,1Fam,ClearCr,6,1997,TA,TA,907.0,TA,1307,1051,3.0,TA,Typ,360.0,Fa,0,240000
1551,RL,8923,AllPub,1Fam,NAmes,5,2006,TA,TA,1008.0,Gd,1008,0,2.0,Gd,Typ,240.0,TA,0,134500
1552,RL,8012,AllPub,TwnhsE,SawyerW,6,1994,Gd,Gd,1604.0,Ex,1617,0,3.0,Gd,Typ,533.0,TA,0,193000
1553,RL,12003,AllPub,1Fam,Timber,8,2010,Gd,Ex,774.0,Ex,774,1194,2.0,Ex,Typ,680.0,TA,0,269500
1554,RL,8846,AllPub,1Fam,CollgCr,5,1996,Gd,Gd,870.0,Ex,914,0,1.0,TA,Typ,576.0,TA,0,148000
1555,FV,3182,AllPub,TwnhsE,Somerst,7,2005,Gd,Gd,600.0,Ex,600,600,2.0,Gd,Typ,480.0,TA,0,151000
1556,FV,9375,AllPub,1Fam,Somerst,8,2004,Gd,Ex,1053.0,Ex,1053,939,2.0,Gd,Typ,648.0,TA,0,250000
1557,RL,5142,AllPub,1Fam,Edwards,4,2008,TA,TA,949.0,TA,949,343,1.0,Gd,Typ,205.0,TA,0,108000
1558,FV,9187,AllPub,1Fam,Somerst,9,2009,Ex,Ex,1766.0,Ex,1766,0,3.0,Ex,Typ,478.0,TA,0,370878
1559,RL,10265,AllPub,1Fam,Sawyer,5,2005,TA,TA,992.0,Ex,992,0,2.0,Gd,Typ,294.0,TA,0,145000
1560,RM,9100,AllPub,Duplex,Sawyer,5,1963,TA,TA,1728.0,TA,1728,0,3.0,TA,Typ,504.0,TA,0,125000
1561,FV,3604,AllPub,TwnhsE,Somerst,7,2007,Gd,Gd,689.0,Ex,703,689,2.0,Gd,Typ,540.0,TA,0,146000
1562,RL,13975,AllPub,1Fam,NridgHt,9,2006,Gd,Gd,1090.0,Ex,1117,1089,2.0,Ex,Typ,670.0,TA,0,300000
1563,RL,7313,AllPub,TwnhsE,NridgHt,9,2005,Ex,Ex,1561.0,Ex,1561,0,3.0,Ex,Typ,556.0,TA,0,277500
1564,RM,10800,AllPub,2fmCon,OldTown,6,1950,TA,TA,884.0,TA,884,552,2.0,TA,Typ,828.0,TA,0,155000
1565,RL,9600,AllPub,1Fam,NAmes,5,1967,TA,TA,1568.0,TA,1568,0,1.0,TA,Typ,440.0,TA,0,143000
1566,RL,9239,AllPub,1Fam,Sawyer,5,2003,TA,TA,960.0,Ex,960,0,2.0,Gd,Typ,300.0,TA,0,144900
1567,RL,8530,AllPub,1Fam,Gilbert,7,1996,TA,Gd,384.0,Gd,804,670,2.0,TA,Typ,400.0,TA,0,168500
1568,RL,8453,AllPub,1Fam,SawyerW,6,1995,Gd,Gd,754.0,Ex,754,855,2.0,Gd,Typ,525.0,TA,0,182000
1569,RL,16259,AllPub,1Fam,NridgHt,9,2006,TA,Ex,1249.0,Ex,1249,1347,3.0,Gd,Typ,840.0,TA,0,342643
1570,RL,10200,AllPub,1Fam,NAmes,6,1974,TA,TA,1434.0,TA,1434,0,3.0,TA,Typ,528.0,TA,0,157000
1571,RM,8094,AllPub,2fmCon,OldTown,6,1983,TA,TA,1242.0,Gd,1242,742,2.0,TA,Typ,360.0,,0,160000
1572,RM,6120,AllPub,1Fam,BrkSide,5,1950,TA,TA,756.0,Gd,903,378,2.0,Gd,Typ,379.0,TA,0,132500
1573,RL,12274,AllPub,1Fam,Somerst,7,2008,Gd,Gd,1417.0,Ex,1428,0,2.0,Ex,Typ,554.0,TA,0,227680
1574,RH,5858,AllPub,TwnhsE,NAmes,7,1999,Gd,Gd,1405.0,Ex,1337,0,3.0,Gd,Typ,511.0,TA,0,184000
1575,RL,7820,AllPub,TwnhsE,NridgHt,9,2007,Ex,Ex,1869.0,Ex,1869,0,2.0,Ex,Typ,617.0,TA,0,318061
1576,RL,7990,AllPub,1Fam,CollgCr,5,1975,TA,Gd,924.0,TA,924,0,1.0,TA,Typ,280.0,TA,0,110000
1577,RL,8402,AllPub,1Fam,Gilbert,6,1998,TA,Gd,789.0,Gd,789,676,2.0,TA,Typ,393.0,TA,0,180400
1578,RL,13346,AllPub,1Fam,NoRidge,7,2000,Gd,Gd,1095.0,Ex,1166,1129,3.0,Gd,Typ,590.0,TA,0,268000
1579,RL,8998,AllPub,1Fam,CollgCr,7,2000,Gd,Gd,782.0,Ex,782,870,2.0,Gd,Typ,532.0,TA,0,207500
1580,RL,9482,AllPub,Duplex,NAmes,5,1958,TA,TA,1866.0,Ex,1866,0,2.0,TA,Typ,495.0,TA,0,135000
1581,FV,10574,AllPub,1Fam,Somerst,8,2006,Gd,Gd,1082.0,Ex,1082,871,2.0,Gd,Typ,1043.0,TA,0,252000
1582,RL,50102,AllPub,1Fam,Timber,6,1958,TA,Gd,1632.0,TA,1650,0,2.0,TA,Typ,518.0,TA,0,250764
1583,RL,7917,AllPub,1Fam,Edwards,6,1976,TA,TA,1143.0,TA,1113,0,2.0,TA,Typ,504.0,TA,0,148000
1584,RL,13350,AllPub,1Fam,Sawyer,5,1974,TA,TA,864.0,TA,894,0,2.0,TA,Typ,440.0,TA,0,142500
1585,RM,6000,AllPub,1Fam,OldTown,5,2005,Gd,Fa,572.0,Ex,884,656,1.0,Gd,Typ,0.0,,0,129400
1586,RL,11475,AllPub,1Fam,NWAmes,6,1975,TA,Gd,713.0,TA,811,741,3.0,TA,Typ,434.0,TA,0,179900
1587,RM,6120,AllPub,1Fam,OldTown,5,1950,TA,TA,1100.0,TA,1226,676,2.0,TA,Typ,576.0,TA,0,123500
1588,RL,15750,AllPub,2fmCon,Crawfor,5,1953,TA,TA,1165.0,TA,1336,0,2.0,TA,Typ,375.0,TA,0,157000
1589,RL,13651,AllPub,1Fam,NAmes,7,1973,TA,Gd,2223.0,Ex,2223,0,3.0,TA,Typ,516.0,TA,0,244000
1590,RL,11900,AllPub,1Fam,Gilbert,5,1977,TA,Gd,1122.0,Ex,946,988,3.0,TA,Typ,567.0,TA,0,185000
1591,RL,10005,AllPub,1Fam,ClearCr,7,1977,TA,Gd,1160.0,Ex,1156,866,2.0,TA,Typ,505.0,TA,0,192000
1592,RL,7450,AllPub,1Fam,NAmes,5,1956,TA,TA,894.0,Gd,1074,0,1.0,Gd,Min1,396.0,TA,0,124000
1593,RL,9245,AllPub,1Fam,CollgCr,7,2006,Gd,Gd,939.0,Ex,939,858,2.0,Gd,Typ,639.0,TA,0,213500
1594,RL,2268,AllPub,Twnhs,NridgHt,7,2004,Gd,Gd,764.0,Ex,764,862,2.0,Gd,Typ,474.0,TA,0,173000
1595,RL,5005,AllPub,TwnhsE,StoneBr,8,1992,Gd,Gd,1280.0,Ex,1280,0,2.0,Gd,Typ,506.0,TA,0,191500
1596,RL,12898,AllPub,1Fam,Timber,9,2008,Gd,Ex,1620.0,Ex,1620,0,3.0,Ex,Typ,912.0,TA,0,315500
1597,RM,8967,AllPub,1Fam,IDOTRR,5,1950,TA,Fa,961.0,Gd,1077,0,1.0,TA,Maj2,338.0,Po,0,67000
1598,RL,11454,AllPub,1Fam,SawyerW,8,1995,Gd,Gd,1401.0,Ex,1511,0,3.0,Gd,Typ,811.0,TA,0,225000
1599,RL,10237,AllPub,1Fam,Gilbert,6,2006,Gd,Gd,1316.0,Ex,1316,0,2.0,Gd,Typ,397.0,TA,0,169990
1600,RL,4130,AllPub,1Fam,BrkSide,3,2003,Gd,TA,270.0,Gd,729,0,1.0,TA,Maj2,0.0,,0,52000
1601,RL,9548,AllPub,1Fam,CollgCr,7,2003,Gd,Gd,941.0,Ex,941,888,3.0,Gd,Typ,613.0,TA,0,237000
1602,RM,3675,AllPub,TwnhsE,Edwards,6,2006,TA,Gd,547.0,Gd,1072,0,2.0,TA,Typ,525.0,TA,0,142500
1603,RL,18275,AllPub,1Fam,NAmes,7,1998,TA,TA,1438.0,TA,1900,548,4.0,TA,Typ,441.0,TA,0,277500
1604,RL,13474,AllPub,1Fam,SawyerW,7,1991,Gd,Gd,700.0,Gd,1122,1121,3.0,Gd,Typ,746.0,TA,0,225000
1605,RM,2522,AllPub,Twnhs,Edwards,7,2004,Gd,Gd,970.0,Ex,970,739,2.0,Gd,Maj1,380.0,TA,0,130000
1606,RL,7500,AllPub,1Fam,SawyerW,6,2004,TA,Gd,1158.0,Ex,1158,0,1.0,Gd,Typ,0.0,,0,143500
1607,RL,8750,AllPub,1Fam,CollgCr,7,1998,Gd,Gd,1417.0,Ex,1417,0,3.0,Gd,Typ,511.0,TA,0,210000
1608,RL,10110,AllPub,1Fam,SawyerW,6,2003,Gd,Gd,835.0,Ex,835,861,3.0,Gd,Typ,542.0,TA,0,188000
1609,RM,10320,AllPub,1Fam,IDOTRR,4,1950,Fa,TA,771.0,Fa,866,504,2.0,TA,Sal,264.0,TA,0,50000
1610,RM,1477,AllPub,Twnhs,MeadowV,6,2007,TA,TA,546.0,Ex,546,546,2.0,TA,Typ,0.0,,0,98000
1611,FV,4379,AllPub,TwnhsE,Somerst,8,2004,Gd,Gd,1378.0,Ex,1378,0,3.0,Gd,Typ,540.0,TA,0,214000
1612,RM,6000,AllPub,1Fam,BrkSide,6,1950,TA,TA,780.0,TA,780,636,1.0,TA,Typ,312.0,TA,0,139900
1613,RL,11664,AllPub,1Fam,NAmes,6,1950,TA,TA,1082.0,TA,1082,0,1.0,TA,Typ,240.0,TA,0,119200
1614,RM,8235,AllPub,1Fam,OldTown,5,1995,TA,TA,825.0,TA,825,0,2.0,TA,Typ,720.0,TA,0,125000
1615,RM,5700,AllPub,1Fam,OldTown,7,1950,TA,TA,572.0,TA,572,539,1.0,TA,Typ,288.0,TA,0,116900
1616,RL,9308,AllPub,1Fam,Sawyer,5,1965,TA,TA,984.0,TA,984,0,1.0,TA,Typ,310.0,TA,0,126000
1617,RL,13869,AllPub,1Fam,Gilbert,6,1997,TA,Gd,794.0,Gd,794,676,2.0,TA,Typ,388.0,TA,0,177000
1618,RL,8918,AllPub,1Fam,Gilbert,6,2006,Gd,Gd,745.0,Ex,745,745,2.0,Gd,Typ,392.0,TA,0,167800
1619,RL,7150,AllPub,1Fam,NAmes,4,1955,TA,TA,1190.0,Gd,1040,500,2.0,Fa,Typ,352.0,TA,0,115000
1620,RL,4043,AllPub,TwnhsE,NPkVill,6,1977,TA,Gd,1069.0,TA,1069,0,2.0,TA,Typ,440.0,TA,0,140000
1621,RL,7540,AllPub,1Fam,Mitchel,6,1978,TA,Gd,888.0,Ex,912,0,2.0,TA,Typ,470.0,TA,0,156000
1622,RL,14559,AllPub,1Fam,NAmes,5,2000,Gd,TA,1008.0,Ex,1363,0,2.0,TA,Min1,288.0,TA,0,164900
1623,FV,10625,AllPub,1Fam,Somerst,6,2004,Gd,Gd,1158.0,Ex,1158,1285,2.0,Gd,Min2,744.0,TA,0,265000
1624,RL,14587,AllPub,1Fam,Somerst,9,2008,Gd,Gd,1498.0,Ex,1506,0,2.0,Ex,Typ,592.0,TA,0,264132
1625,RL,17529,AllPub,1Fam,Sawyer,5,1950,TA,TA,872.0,Fa,872,0,1.0,Fa,Mod,322.0,Fa,0,105000
1626,RL,7837,AllPub,1Fam,Gilbert,6,1994,Gd,Gd,799.0,Gd,799,772,2.0,TA,Typ,380.0,TA,0,178000
1627,RL,16226,AllPub,1Fam,CollgCr,8,1999,Gd,Gd,1028.0,Ex,1210,1242,2.0,Gd,Typ,683.0,TA,0,267000
1628,RL,16300,AllPub,1Fam,CollgCr,5,1977,TA,Gd,876.0,TA,907,0,2.0,TA,Typ,308.0,TA,0,130000
1629,RL,8250,AllPub,1Fam,Edwards,5,1950,TA,,0.0,TA,1032,0,1.0,TA,Typ,260.0,TA,0,125000
1630,RM,11426,AllPub,1Fam,OldTown,7,2003,TA,Gd,1362.0,Ex,1362,720,2.0,Gd,Mod,484.0,TA,0,200000
1631,RL,3182,AllPub,TwnhsE,Blmngtn,7,2006,Gd,Gd,1346.0,Ex,1504,0,2.0,Gd,Typ,437.0,TA,0,191000
1632,RL,13891,AllPub,1Fam,NridgHt,10,2006,Ex,Ex,2076.0,Ex,2076,0,3.0,Ex,Typ,850.0,TA,0,465000
1633,RL,14100,AllPub,1Fam,Crawfor,8,1997,TA,TA,728.0,Ex,1968,1479,3.0,Gd,Typ,1014.0,TA,0,381000
1634,RL,8800,AllPub,1Fam,NAmes,6,1964,TA,TA,1251.0,TA,1251,0,2.0,TA,Typ,461.0,TA,0,160000
1635,RM,6240,AllPub,1Fam,BrkSide,6,1950,TA,TA,861.0,Gd,861,548,2.0,TA,Typ,528.0,TA,0,126000
1636,RL,9079,AllPub,1Fam,Sawyer,5,1961,TA,TA,864.0,TA,864,0,1.0,TA,Typ,440.0,TA,0,122000
1637,RL,8604,AllPub,Duplex,NAmes,5,1978,TA,Gd,941.0,Gd,941,0,2.0,Gd,Typ,564.0,TA,0,145000
1638,RL,8049,AllPub,1Fam,Timber,7,1990,TA,Gd,1309.0,TA,1339,0,3.0,TA,Typ,484.0,Gd,0,180000
1639,C (all),9000,AllPub,1Fam,IDOTRR,2,1950,TA,TA,480.0,TA,480,0,1.0,TA,Typ,308.0,TA,0,35311
1640,RL,9803,AllPub,1Fam,Timber,7,2010,Gd,Gd,1214.0,Ex,1214,0,2.0,Gd,Typ,520.0,TA,0,179781
1641,RL,12416,AllPub,1Fam,Timber,6,1986,TA,Gd,1606.0,TA,1651,0,3.0,TA,Min2,616.0,TA,0,184000
1642,RL,8232,AllPub,TwnhsE,NridgHt,9,2008,Ex,Ex,1800.0,Ex,1800,0,3.0,Ex,Typ,944.0,TA,0,370967
1643,RL,8250,AllPub,1Fam,NAmes,5,1963,TA,TA,1053.0,Gd,1053,0,2.0,Gd,Typ,692.0,TA,0,142100
1644,RL,8926,AllPub,1Fam,Edwards,4,1956,TA,TA,672.0,Ex,960,0,1.0,TA,Typ,288.0,TA,0,112000
1645,RL,8128,AllPub,1Fam,NAmes,6,1954,TA,TA,1062.0,Gd,1062,0,2.0,TA,Typ,297.0,TA,0,131000
1646,RL,11500,AllPub,Duplex,NWAmes,5,1976,TA,TA,1680.0,Fa,1680,0,2.0,TA,Typ,528.0,TA,0,136905
1647,RL,8147,AllPub,TwnhsE,StoneBr,9,2005,Gd,Ex,1714.0,Ex,1714,0,3.0,Gd,Typ,517.0,TA,0,318000
1648,RL,9337,AllPub,1Fam,CollgCr,6,1997,TA,Gd,824.0,Ex,905,881,3.0,Gd,Typ,684.0,TA,0,204750
1649,RL,17360,AllPub,1Fam,NAmes,6,1950,TA,TA,782.0,TA,1019,537,2.0,TA,Typ,470.0,TA,0,172500
1650,RL,8556,AllPub,1Fam,CollgCr,7,2006,Gd,Gd,1240.0,Ex,1240,0,2.0,Gd,Typ,826.0,TA,0,194000
1651,RL,11064,AllPub,TwnhsE,Veenker,8,1995,Gd,Gd,1230.0,Ex,1239,0,2.0,Gd,Typ,477.0,TA,0,217500
1652,RL,11227,AllPub,1Fam,Sawyer,5,1968,TA,TA,720.0,Ex,720,720,1.0,TA,Typ,480.0,TA,0,163000
1653,RM,1300,AllPub,TwnhsE,Blueste,6,1980,TA,Gd,561.0,TA,561,668,1.0,TA,Typ,462.0,TA,0,124000
1654,RL,9520,AllPub,1Fam,Timber,8,2008,Gd,Gd,1638.0,Ex,1646,0,3.0,Gd,Typ,800.0,TA,0,293077
1655,RL,12900,AllPub,2fmCon,Sawyer,5,1950,TA,TA,1300.0,Fa,1140,0,2.0,TA,Typ,400.0,TA,0,95541
1656,RL,13515,AllPub,1Fam,BrkSide,6,1950,TA,TA,764.0,Ex,1060,764,1.0,TA,Typ,520.0,TA,0,180500
1657,RL,12929,AllPub,1Fam,NAmes,6,1993,TA,TA,1081.0,TA,1081,0,2.0,TA,Typ,401.0,TA,0,148000
1658,RL,9600,AllPub,1Fam,NAmes,6,1988,TA,TA,1240.0,Gd,1632,0,3.0,TA,Min1,338.0,TA,0,139000
1659,RM,1680,AllPub,Twnhs,BrDale,6,2007,TA,TA,483.0,Gd,483,504,1.0,Gd,Typ,264.0,TA,0,118000
1660,RL,16321,AllPub,1Fam,NAmes,5,1997,TA,TA,1484.0,TA,1600,0,2.0,TA,Typ,319.0,TA,0,207500
1661,RM,7288,AllPub,1Fam,IDOTRR,5,2003,Gd,TA,936.0,Ex,936,665,2.0,TA,Typ,0.0,,0,129850
1662,RL,17140,AllPub,1Fam,Edwards,4,1956,TA,TA,1134.0,Ex,1229,0,1.0,TA,Typ,284.0,TA,0,135000
1663,RM,2001,AllPub,Twnhs,MeadowV,4,1970,TA,TA,546.0,Fa,546,546,1.0,TA,Typ,286.0,TA,0,75000
1664,RL,39290,AllPub,1Fam,Edwards,10,2009,Ex,Ex,5095.0,Ex,5095,0,3.0,Ex,Typ,1154.0,TA,0,183850
1665,RM,8927,AllPub,Duplex,Sawyer,6,1977,TA,,0.0,TA,1286,368,2.0,TA,Typ,528.0,TA,0,119500
1666,C (all),4761,AllPub,1Fam,IDOTRR,3,1950,Fa,TA,1020.0,Fa,1020,0,1.0,Fa,Typ,0.0,,0,64500
1667,RL,11606,AllPub,1Fam,NAmes,5,1969,TA,Gd,1040.0,TA,1040,1040,1.0,Fa,Typ,504.0,TA,0,135000
1668,RL,9135,AllPub,1Fam,CollgCr,6,2003,Gd,Gd,1682.0,Ex,1700,0,3.0,Gd,Typ,544.0,TA,0,200000
1669,FV,8413,AllPub,1Fam,Somerst,8,1998,Gd,Ex,1220.0,Ex,1220,1142,3.0,Gd,Typ,1105.0,Gd,0,312500
1670,RL,6001,AllPub,1Fam,SWISU,6,1950,TA,Fa,600.0,Ex,600,319,1.0,TA,Typ,231.0,TA,0,95000
1671,RM,6120,AllPub,1Fam,BrkSide,5,1993,TA,TA,715.0,TA,875,0,2.0,TA,Typ,180.0,Fa,0,105000
1672,RL,9900,AllPub,1Fam,NAmes,5,1961,TA,TA,1114.0,TA,1114,0,2.0,TA,Typ,451.0,TA,0,140000
1673,RL,12118,AllPub,1Fam,Mitchel,7,2005,Gd,Ex,1710.0,Ex,1710,0,2.0,Gd,Typ,550.0,TA,0,240000
1674,RL,8248,AllPub,1Fam,Edwards,4,1950,TA,TA,864.0,TA,964,0,1.0,TA,Typ,0.0,,0,83000
1675,RM,6300,AllPub,1Fam,OldTown,6,2001,TA,TA,742.0,Ex,742,742,2.0,TA,Typ,0.0,,0,128000
1676,RL,7791,AllPub,1Fam,Sawyer,5,1995,Gd,TA,912.0,Ex,912,0,2.0,Gd,Typ,300.0,TA,0,129000
1677,RL,8368,AllPub,1Fam,Timber,7,2007,Gd,Gd,1689.0,Ex,1689,0,2.0,Gd,Typ,433.0,TA,0,231713
1678,RL,8308,AllPub,1Fam,Edwards,4,1963,TA,TA,1088.0,TA,1088,0,1.0,TA,Typ,520.0,TA,0,110000
1679,RL,11727,AllPub,1Fam,NAmes,7,1969,TA,TA,1851.0,Gd,1851,0,2.0,TA,Typ,506.0,TA,0,192100
1680,RM,6000,AllPub,1Fam,BrkSide,4,1950,TA,TA,672.0,TA,757,567,1.0,TA,Typ,240.0,TA,0,128000
1681,RM,6000,AllPub,1Fam,OldTown,4,1950,TA,TA,960.0,Gd,960,0,1.0,Fa,Typ,308.0,TA,0,108500
1682,RL,11184,AllPub,1Fam,Gilbert,6,1998,TA,Gd,932.0,Gd,932,701,2.0,TA,Typ,460.0,TA,0,183000
1683,RL,9760,AllPub,1Fam,NAmes,6,1984,TA,TA,1395.0,TA,1395,0,2.0,TA,Min1,440.0,TA,0,192000
1684,RM,5747,AllPub,1Fam,OldTown,3,1950,TA,TA,798.0,Gd,840,0,1.0,Fa,Typ,250.0,TA,0,64000
1685,RL,10186,AllPub,1Fam,NoRidge,7,1992,Gd,Gd,750.0,Ex,1061,862,3.0,Gd,Typ,564.0,TA,0,190000
1686,RL,10237,AllPub,1Fam,Gilbert,6,2006,Gd,Gd,768.0,Ex,768,768,2.0,Gd,Typ,400.0,TA,0,176000
1687,RL,9600,AllPub,1Fam,NWAmes,7,1973,TA,TA,1242.0,Fa,1242,0,1.0,TA,Typ,528.0,TA,0,175500
1688,RL,13110,AllPub,2fmCon,NWAmes,5,1972,TA,Gd,1153.0,Ex,1193,0,3.0,TA,Typ,501.0,TA,0,146500
1689,RH,7136,AllPub,Duplex,Crawfor,6,1950,TA,Gd,979.0,TA,979,979,2.0,TA,Typ,492.0,TA,0,145000
1690,RL,7350,AllPub,1Fam,NAmes,5,1958,TA,TA,1041.0,Gd,1041,0,1.0,TA,Typ,294.0,TA,0,128000
1691,RL,9556,AllPub,1Fam,Gilbert,7,1993,TA,Gd,1168.0,Gd,1187,0,2.0,Gd,Typ,420.0,TA,0,160000
1692,FV,4835,AllPub,TwnhsE,Somerst,7,2005,Gd,Ex,1488.0,Ex,1488,0,3.0,Gd,Typ,506.0,TA,0,260000
1693,RL,17500,AllPub,1Fam,Crawfor,6,1954,TA,TA,1310.0,Ex,1906,0,2.0,TA,Typ,576.0,TA,0,224000
1694,RL,11088,AllPub,1Fam,CollgCr,8,2002,Gd,Gd,1348.0,Ex,1358,0,2.0,Gd,Typ,418.0,TA,0,220000
1695,RM,6000,AllPub,1Fam,BrkSide,6,2000,TA,TA,825.0,Ex,825,672,2.0,TA,Typ,672.0,TA,0,157000
1696,RL,12334,AllPub,1Fam,CollgCr,8,2003,Gd,Gd,1068.0,Ex,1068,1116,2.0,Gd,Typ,570.0,TA,0,254750
1697,RL,14006,AllPub,1Fam,CollgCr,7,2002,Gd,Gd,936.0,Ex,936,840,2.0,Gd,Typ,474.0,TA,0,192500
1698,RL,8581,AllPub,1Fam,CollgCr,7,2006,Gd,Gd,851.0,Ex,851,886,2.0,Gd,Typ,578.0,TA,0,203160
1699,RL,11750,AllPub,1Fam,CollgCr,7,2006,Gd,Gd,1546.0,Ex,1546,0,2.0,Gd,Typ,796.0,TA,0,217000
1700,RL,10200,AllPub,1Fam,Sawyer,5,1970,TA,Gd,864.0,Ex,904,0,1.0,Gd,Typ,912.0,TA,0,144000
1701,RL,8487,AllPub,1Fam,CollgCr,7,2004,Gd,Gd,1500.0,Ex,1500,0,2.0,Gd,Typ,570.0,TA,0,190000
1702,RL,9742,AllPub,1Fam,CollgCr,8,2002,Gd,Gd,1777.0,Ex,1795,0,2.0,Gd,Typ,534.0,TA,0,230000
1703,RM,2522,AllPub,Twnhs,Edwards,7,2004,Gd,Gd,970.0,Ex,970,739,2.0,Gd,Maj1,380.0,TA,0,134000
1704,RL,10530,AllPub,1Fam,NWAmes,6,2000,TA,TA,675.0,TA,1109,766,3.0,Gd,Typ,485.0,TA,0,184500
1705,RL,14000,AllPub,1Fam,ClearCr,7,1997,Gd,Ex,1306.0,Ex,1306,954,3.0,Gd,Typ,533.0,TA,0,328000
1706,RL,10184,AllPub,1Fam,NAmes,6,1963,TA,TA,1083.0,TA,1146,0,1.0,TA,Typ,294.0,TA,0,165000
1707,RL,14277,AllPub,1Fam,NridgHt,8,2003,Gd,Ex,1317.0,Ex,1217,1168,3.0,Gd,Typ,818.0,TA,0,350000
1708,FV,8010,AllPub,1Fam,Somerst,8,2004,Gd,Ex,1054.0,Ex,1072,976,3.0,Gd,Typ,552.0,TA,0,301000
1709,RL,8800,AllPub,1Fam,NAmes,6,1963,TA,TA,936.0,Ex,1054,0,2.0,Gd,Typ,480.0,TA,0,137500
1710,RL,16659,AllPub,1Fam,NWAmes,7,1994,TA,TA,795.0,Fa,1468,795,3.0,Gd,Typ,539.0,TA,0,235000
1711,RL,9937,AllPub,1Fam,Edwards,5,1999,TA,TA,1486.0,Ex,1486,0,2.0,TA,Typ,480.0,TA,0,167000
1712,RL,6860,AllPub,1Fam,NAmes,5,1956,TA,TA,1008.0,Ex,1008,0,2.0,Fa,Typ,308.0,TA,0,131000
1713,RL,12104,AllPub,1Fam,Gilbert,7,2006,Gd,Gd,1035.0,Gd,1082,1240,3.0,Gd,Typ,617.0,TA,0,287602
1714,RL,9462,AllPub,1Fam,NAmes,5,1973,TA,TA,704.0,Gd,1024,704,1.0,TA,Min1,234.0,TA,0,137000
1715,RL,9938,AllPub,1Fam,SawyerW,7,1994,Gd,Gd,1602.0,Ex,1626,0,3.0,Gd,Typ,534.0,TA,0,226500
1716,RM,4435,AllPub,TwnhsE,CollgCr,6,2004,Gd,Gd,848.0,Ex,848,0,2.0,Gd,Typ,420.0,TA,0,155900
1717,RL,17597,AllPub,1Fam,Crawfor,7,2009,Gd,Gd,1803.0,TA,2365,0,3.0,Ex,Min1,551.0,TA,0,315000
1718,RL,18837,AllPub,1Fam,NWAmes,6,1978,TA,Gd,1224.0,TA,1287,604,3.0,TA,Typ,678.0,TA,0,212500
1719,FV,8125,AllPub,1Fam,Somerst,8,2009,Gd,Gd,1836.0,Ex,1836,0,2.0,Gd,Typ,517.0,TA,0,264500
1720,RL,14892,AllPub,1Fam,Gilbert,9,2007,Ex,Ex,1746.0,Ex,1746,0,3.0,Ex,Typ,758.0,TA,0,377500
1721,RL,7094,AllPub,1Fam,Sawyer,5,1966,TA,TA,894.0,TA,894,0,1.0,TA,Typ,384.0,TA,0,125000
1722,RL,7500,AllPub,1Fam,SawyerW,7,2006,Gd,Gd,1143.0,Ex,1143,0,1.0,Gd,Typ,0.0,,0,147000
1723,RL,11767,AllPub,1Fam,Edwards,5,1950,TA,Fa,1078.0,TA,1368,0,2.0,TA,Min1,195.0,TA,0,120000
1724,RL,6240,AllPub,TwnhsE,NridgHt,8,2007,Gd,Gd,1342.0,Ex,1342,0,3.0,Gd,Typ,550.0,TA,0,234250
1725,RL,8172,AllPub,1Fam,Edwards,4,1955,TA,TA,864.0,TA,864,0,2.0,TA,Typ,528.0,TA,0,79275
1726,RL,9022,AllPub,1Fam,OldTown,5,2006,Gd,TA,768.0,Ex,792,0,1.0,Gd,Typ,240.0,Fa,0,109500
1727,RL,10037,AllPub,1Fam,Somerst,8,2007,Gd,Ex,1460.0,Ex,1460,0,2.0,Gd,Typ,480.0,TA,0,247000
1728,RL,12160,AllPub,1Fam,NAmes,5,1959,TA,TA,1188.0,Fa,1188,0,2.0,TA,Typ,531.0,TA,0,142000
1729,RL,9947,AllPub,1Fam,Mitchel,7,1991,TA,Gd,1188.0,Ex,1217,0,3.0,Gd,Typ,497.0,TA,0,173000
1730,RL,9044,AllPub,1Fam,NoRidge,8,1997,Gd,Gd,1325.0,Ex,1335,1203,2.0,Gd,Typ,933.0,TA,0,330000
1731,RM,1936,AllPub,Twnhs,MeadowV,4,1970,TA,Gd,630.0,Gd,630,0,2.0,TA,Typ,0.0,,0,84500
1732,RL,9350,AllPub,1Fam,Edwards,4,1979,TA,TA,756.0,Ex,1169,0,1.0,TA,Typ,209.0,Fa,0,127000
1733,FV,3515,AllPub,TwnhsE,Somerst,7,2004,Gd,Gd,840.0,Ex,840,840,2.0,Gd,Typ,588.0,TA,0,190000
1734,RL,10773,AllPub,Duplex,Sawyer,4,1967,Fa,TA,1832.0,TA,1832,0,4.0,TA,Typ,0.0,,0,136000
1735,RM,1680,AllPub,Twnhs,BrDale,6,1972,TA,TA,525.0,Gd,525,567,1.0,TA,Typ,264.0,TA,0,108000
1736,RL,7390,AllPub,TwnhsE,NridgHt,9,2009,Ex,Ex,1884.0,Ex,1884,0,3.0,Ex,Typ,649.0,TA,0,320000
1737,RL,25339,AllPub,1Fam,Sawyer,5,2007,TA,TA,816.0,Ex,1416,0,2.0,Gd,Typ,576.0,TA,0,112000
1738,RL,25000,AllPub,Duplex,Mitchel,5,1967,TA,TA,1632.0,TA,1632,0,2.0,TA,Typ,576.0,TA,0,143000
1739,RL,13693,AllPub,1Fam,NridgHt,8,2007,Gd,Ex,2418.0,Ex,2464,0,3.0,Ex,Typ,650.0,TA,0,417500
1740,RL,8064,AllPub,1Fam,NAmes,6,1950,TA,TA,768.0,Ex,819,501,2.0,TA,Typ,576.0,TA,0,138000
1741,RL,10769,AllPub,1Fam,CollgCr,8,2007,Gd,Gd,866.0,Ex,866,902,2.0,Gd,Typ,578.0,TA,0,212000
1742,RL,14137,AllPub,1Fam,Gilbert,5,1997,Gd,Gd,1348.0,Gd,1384,0,3.0,Gd,Typ,404.0,TA,0,177900
1743,RL,11000,AllPub,1Fam,NAmes,5,1966,TA,TA,1154.0,Ex,1154,0,1.0,TA,Typ,480.0,TA,0,154000
1744,RM,4388,AllPub,1Fam,OldTown,5,1950,TA,TA,672.0,Ex,840,0,1.0,TA,Typ,0.0,,0,87000
1745,RL,12228,AllPub,1Fam,NridgHt,7,2006,Gd,Ex,1721.0,Ex,1740,0,2.0,Gd,Typ,874.0,TA,0,293000
1746,RL,10120,AllPub,1Fam,NoRidge,8,1994,Gd,Gd,1165.0,Ex,1203,1323,3.0,Gd,Typ,844.0,TA,0,290000
1747,RM,7200,AllPub,1Fam,IDOTRR,6,1992,TA,TA,1040.0,Gd,1040,0,1.0,TA,Typ,320.0,TA,0,127500
1748,RL,6762,AllPub,1Fam,CollgCr,7,2006,Gd,Gd,1286.0,Ex,1294,0,2.0,Gd,Typ,662.0,TA,0,193879
1749,RL,6720,AllPub,1Fam,Crawfor,6,1950,TA,TA,585.0,TA,851,585,1.0,TA,Typ,228.0,TA,0,141500
1750,RL,11851,AllPub,1Fam,Gilbert,7,1990,TA,Gd,1424.0,Ex,1442,0,2.0,TA,Typ,500.0,TA,0,180500
1751,RL,11250,AllPub,1Fam,CollgCr,8,2002,Gd,Gd,1128.0,Ex,1149,1141,2.0,Gd,Typ,779.0,TA,0,255900
1752,RL,9600,AllPub,1Fam,NAmes,5,1950,TA,TA,1200.0,TA,1200,0,1.0,TA,Typ,246.0,TA,0,129900
1753,RL,13108,AllPub,1Fam,Crawfor,5,1951,TA,,0.0,Fa,1226,0,1.0,TA,Min1,400.0,TA,0,153500
1754,RL,9350,AllPub,1Fam,Edwards,6,1950,TA,TA,747.0,Ex,892,747,1.0,Gd,Typ,240.0,TA,0,154400
1755,RL,11830,AllPub,1Fam,Somerst,8,2007,Gd,Gd,1542.0,Ex,1542,0,3.0,Gd,Typ,852.0,TA,0,260261
1756,RL,9236,AllPub,1Fam,CollgCr,6,1997,TA,Gd,1479.0,Ex,1494,0,3.0,Gd,Typ,576.0,TA,0,217000
1757,RL,11792,AllPub,1Fam,Edwards,4,1950,TA,TA,744.0,Ex,792,328,1.0,Fa,Typ,480.0,TA,0,64000
1758,RL,12243,AllPub,1Fam,NWAmes,5,1971,TA,Gd,1484.0,Gd,1484,0,2.0,TA,Typ,487.0,TA,0,175000
1759,RL,7785,AllPub,1Fam,NAmes,5,1956,TA,,0.0,TA,1014,0,1.0,TA,Typ,267.0,TA,0,98000
1760,RL,9178,AllPub,1Fam,CollgCr,8,2008,Gd,Gd,1468.0,Ex,1468,0,2.0,Gd,Typ,904.0,TA,0,239900
1761,RL,9842,AllPub,1Fam,SWISU,5,1998,TA,TA,612.0,Ex,990,1611,3.0,TA,Typ,621.0,TA,0,189000
1762,RL,9554,AllPub,1Fam,SawyerW,8,1994,Gd,Gd,777.0,Ex,1065,846,2.0,Gd,Typ,471.0,TA,0,215000
1763,RL,10552,AllPub,1Fam,NAmes,5,1959,TA,TA,1398.0,Gd,1700,0,1.0,Gd,Typ,447.0,TA,0,165500
1764,RL,10004,AllPub,1Fam,NAmes,6,1964,TA,TA,1516.0,TA,1516,0,1.0,TA,Typ,472.0,TA,0,167000
1765,RL,14115,AllPub,1Fam,Crawfor,6,2004,TA,TA,1073.0,Ex,1811,0,1.0,Ex,Typ,470.0,TA,0,230000
1766,RL,9600,AllPub,1Fam,NAmes,6,1950,TA,TA,1032.0,TA,1032,220,1.0,TA,Typ,288.0,TA,0,119000
1767,RL,7223,AllPub,1Fam,Crawfor,5,1950,TA,TA,1290.0,TA,1422,0,1.0,TA,Typ,352.0,TA,0,136500
1768,RL,9750,AllPub,1Fam,CollgCr,7,1998,TA,Gd,1108.0,Ex,1108,989,3.0,Gd,Typ,583.0,TA,0,274300
1769,RH,6270,AllPub,Duplex,Crawfor,5,1950,TA,TA,1001.0,TA,1001,1001,2.0,TA,Typ,871.0,TA,0,145000
1770,RM,8800,AllPub,1Fam,OldTown,4,2004,TA,TA,576.0,Gd,792,348,1.0,TA,Min2,0.0,,0,96500
1771,RL,7340,AllPub,1Fam,NAmes,4,1971,TA,TA,858.0,TA,858,0,1.0,TA,Typ,684.0,TA,0,110000
1772,RM,12665,AllPub,1Fam,OldTown,5,1950,TA,TA,876.0,Gd,876,540,1.0,TA,Typ,720.0,TA,0,153900
1773,RL,7200,AllPub,1Fam,NAmes,5,1982,TA,TA,1208.0,Gd,1136,768,2.0,TA,Min1,240.0,TA,0,138000
1774,RL,9260,AllPub,1Fam,Crawfor,5,1950,TA,TA,884.0,TA,932,442,1.0,TA,Typ,225.0,TA,0,110000
1775,RM,9060,AllPub,1Fam,IDOTRR,6,1957,TA,TA,967.0,Gd,967,671,2.0,Gd,Typ,384.0,TA,0,139000
1776,RM,3843,AllPub,TwnhsE,Crawfor,8,2008,Ex,Ex,1596.0,Ex,1648,0,3.0,Ex,Typ,482.0,TA,0,230000
1777,RL,9313,AllPub,1Fam,CollgCr,7,2004,Gd,Gd,864.0,Ex,864,864,2.0,Gd,Typ,572.0,TA,0,190000
1778,RL,12539,AllPub,1Fam,NridgHt,10,2006,Ex,Ex,1620.0,Ex,1632,1158,3.0,Ex,Typ,1150.0,TA,0,460000
1779,RL,164660,AllPub,2fmCon,Timber,5,1965,TA,TA,1499.0,Ex,1619,167,4.0,TA,Typ,529.0,TA,0,228950
1780,RL,12144,AllPub,1Fam,NAmes,5,1950,Gd,TA,832.0,Gd,1036,0,1.0,TA,Typ,288.0,TA,0,133000
1781,RL,9125,AllPub,1Fam,Gilbert,7,1992,TA,Gd,384.0,Gd,812,670,2.0,Gd,Typ,392.0,TA,0,163900
1782,RM,6155,AllPub,1Fam,BrkSide,6,1999,TA,Fa,611.0,Ex,751,611,2.0,TA,Typ,502.0,TA,0,128000
1783,RL,13600,AllPub,1Fam,NAmes,5,1955,TA,TA,1056.0,Gd,1056,0,2.0,TA,Typ,300.0,TA,0,125000
1784,RL,7000,AllPub,1Fam,OldTown,6,1950,TA,Fa,617.0,Gd,865,445,2.0,TA,Min1,398.0,TA,0,112000
1785,RL,6723,AllPub,1Fam,Mitchel,5,1971,TA,Gd,796.0,TA,796,0,1.0,TA,Typ,0.0,,0,138000
1786,RM,2665,AllPub,TwnhsE,MeadowV,5,1976,TA,Gd,550.0,TA,925,550,2.0,TA,Typ,336.0,TA,0,129500
1787,FV,2280,AllPub,Twnhs,Somerst,6,1999,TA,Gd,744.0,Gd,757,744,3.0,TA,Typ,440.0,TA,0,176500
1788,RL,5271,AllPub,1Fam,ClearCr,7,1986,TA,Gd,1453.0,Gd,1453,0,2.0,Gd,Typ,445.0,TA,0,190000
1789,FV,2998,AllPub,TwnhsE,Somerst,6,2000,Gd,Gd,756.0,Ex,756,756,3.0,Gd,Typ,440.0,TA,0,180000
1790,RL,9316,AllPub,1Fam,CollgCr,7,2006,Gd,Gd,879.0,Ex,879,916,2.0,Gd,Typ,578.0,TA,0,191000
1791,RL,5900,AllPub,1Fam,BrkSide,4,1958,TA,Gd,440.0,TA,869,0,1.0,Fa,Typ,0.0,,0,85500
1792,RL,6410,AllPub,1Fam,Edwards,4,1958,TA,TA,960.0,Ex,960,0,1.0,TA,Typ,0.0,,0,90000
1793,RL,6718,AllPub,1Fam,Timber,8,2001,Gd,Ex,1267.0,Ex,1312,0,2.0,Gd,Typ,471.0,TA,0,180500
1794,RL,9965,AllPub,1Fam,CollgCr,7,2007,Gd,Ex,1264.0,Ex,1282,1414,3.0,Ex,Typ,792.0,TA,0,383970
1795,RL,11308,AllPub,1Fam,NridgHt,9,2008,Ex,Ex,1104.0,Ex,1130,1054,3.0,Ex,Typ,836.0,TA,0,335000
1796,RL,17920,AllPub,1Fam,Sawyer,5,1974,TA,TA,1763.0,TA,1779,0,2.0,TA,Typ,454.0,TA,0,170000
1797,RL,10800,AllPub,1Fam,OldTown,5,1950,TA,TA,720.0,TA,846,0,1.0,Gd,Typ,576.0,TA,0,106000
1798,RM,9600,AllPub,1Fam,OldTown,8,2003,Gd,TA,930.0,TA,930,636,2.0,Gd,Typ,288.0,TA,0,150000
1799,RL,1700,AllPub,Twnhs,ClearCr,7,1981,Gd,Gd,430.0,TA,880,680,3.0,Gd,Typ,450.0,Gd,0,148400
1800,FV,8736,AllPub,1Fam,Somerst,7,2004,Gd,Gd,1553.0,Ex,1553,0,3.0,Gd,Typ,588.0,TA,0,234500
1801,RM,6978,AllPub,1Fam,OldTown,5,1980,Gd,TA,850.0,TA,960,0,1.0,TA,Typ,576.0,TA,0,103000
1802,RL,9000,AllPub,1Fam,NAmes,4,2006,TA,TA,864.0,Gd,864,0,1.0,TA,Typ,576.0,TA,0,130000
1803,RL,10171,AllPub,1Fam,NridgHt,7,2004,Gd,Gd,1517.0,Ex,1535,0,2.0,Gd,Typ,532.0,TA,0,214000
1804,RM,10320,AllPub,1Fam,IDOTRR,6,1995,TA,TA,756.0,Ex,756,713,1.0,TA,Typ,216.0,TA,0,135000
1805,FV,11216,AllPub,1Fam,Somerst,8,2006,Gd,Gd,1489.0,Ex,1489,0,2.0,Gd,Typ,776.0,TA,0,232600
1806,RL,11700,AllPub,1Fam,NWAmes,6,1968,TA,TA,708.0,Gd,708,708,2.0,TA,Typ,776.0,TA,0,179900
1807,RL,11380,AllPub,1Fam,NAmes,6,2008,TA,TA,1080.0,Gd,1128,0,2.0,Gd,Typ,315.0,TA,0,178000
1808,RL,23303,AllPub,1Fam,NridgHt,8,2007,Gd,Ex,1508.0,Ex,1508,1012,3.0,Ex,Typ,640.0,TA,0,409900
1809,RL,11927,AllPub,1Fam,CollgCr,8,1995,Gd,Gd,1556.0,Ex,1592,0,2.0,Gd,Typ,484.0,TA,0,228000
1810,RL,13758,AllPub,1Fam,NridgHt,9,2006,Ex,Ex,1792.0,Ex,1792,0,3.0,Gd,Typ,925.0,TA,0,372397
1811,RL,10859,AllPub,1Fam,CollgCr,5,1995,TA,Gd,1097.0,Ex,1097,0,1.0,TA,Typ,672.0,TA,0,145000
1812,RL,17979,AllPub,1Fam,Mitchel,5,1968,TA,TA,1113.0,Ex,1160,0,2.0,Gd,Typ,257.0,TA,0,152500
1813,RL,8544,AllPub,Duplex,NAmes,3,1950,TA,,0.0,Fa,1040,0,2.0,TA,Typ,400.0,TA,0,92900
1814,RL,9240,AllPub,1Fam,Sawyer,5,2002,TA,TA,864.0,Gd,1211,0,1.0,TA,Min1,576.0,TA,0,144000
1815,RL,8550,AllPub,1Fam,NAmes,6,1950,TA,TA,816.0,Ex,816,0,2.0,TA,Typ,240.0,TA,0,129800
1816,RL,6792,AllPub,TwnhsE,NridgHt,7,2006,Gd,Gd,1368.0,Ex,1368,0,2.0,Gd,Typ,474.0,TA,0,202665
1817,RM,9439,AllPub,1Fam,OldTown,5,1950,TA,TA,912.0,Gd,912,336,1.0,TA,Typ,160.0,Fa,0,87000
1818,RL,7111,AllPub,1Fam,BrkSide,5,1983,Gd,TA,1008.0,TA,1143,0,1.0,TA,Typ,288.0,TA,0,138000
1819,RL,9019,AllPub,1Fam,SawyerW,6,1994,TA,Gd,636.0,Ex,636,684,2.0,Gd,Typ,472.0,TA,0,150000
1820,RL,14442,AllPub,1Fam,Crawfor,6,2004,TA,TA,1477.0,Ex,1839,0,3.0,Gd,Typ,416.0,TA,0,257500
1821,RL,7558,AllPub,1Fam,Crawfor,6,1950,TA,TA,896.0,Gd,1172,741,1.0,TA,Typ,342.0,Fa,0,177000
1822,RL,10926,AllPub,Duplex,Edwards,5,1959,TA,TA,1678.0,TA,1678,0,2.0,TA,Typ,0.0,,0,119900
1823,RM,1936,AllPub,Twnhs,MeadowV,4,1970,TA,TA,546.0,Gd,546,546,1.0,TA,Typ,0.0,,0,90500
1824,RL,19550,AllPub,1Fam,Edwards,5,2007,TA,TA,1580.0,Ex,1518,0,2.0,Fa,Typ,0.0,,0,260000
1825,RL,8700,AllPub,1Fam,NAmes,5,1961,TA,TA,920.0,Gd,888,0,1.0,TA,Typ,240.0,TA,0,120000
1826,RL,7804,AllPub,1Fam,SWISU,4,1950,TA,TA,1122.0,TA,1328,653,3.0,Gd,Min2,576.0,TA,0,135000
1827,RL,4000,AllPub,1Fam,Crawfor,7,1995,TA,Gd,531.0,TA,567,531,2.0,TA,Typ,216.0,TA,0,148500
1828,RL,16158,AllPub,1Fam,StoneBr,7,2005,Gd,Ex,1530.0,Ex,1530,0,3.0,Gd,Typ,430.0,TA,0,260000
1829,RM,4485,AllPub,1Fam,OldTown,5,1950,TA,TA,936.0,TA,936,0,2.0,TA,Typ,0.0,,0,109500
1830,RL,8842,AllPub,1Fam,Edwards,5,1954,TA,Fa,381.0,Ex,992,0,1.0,TA,Typ,319.0,TA,0,155891
1831,RL,8072,AllPub,1Fam,CollgCr,5,1995,TA,Gd,990.0,Ex,990,0,2.0,TA,Typ,480.0,TA,0,138000
1832,RL,17871,AllPub,1Fam,Crawfor,4,1996,TA,Gd,1680.0,Gd,1680,0,2.0,Gd,Typ,628.0,TA,0,170000
1833,RL,6342,AllPub,1Fam,Sawyer,5,1996,TA,TA,780.0,Gd,780,240,1.0,TA,Typ,0.0,,0,94000
1834,RL,11875,AllPub,1Fam,Mitchel,5,1999,TA,Gd,1344.0,Ex,1344,0,2.0,TA,Typ,686.0,TA,0,166500
1835,RM,5700,AllPub,1Fam,OldTown,7,1990,TA,TA,672.0,Gd,672,672,2.0,Gd,Typ,456.0,TA,0,140000
1836,RL,7420,AllPub,2fmCon,BrkSide,5,1950,TA,TA,991.0,Ex,1077,0,2.0,TA,Typ,205.0,Gd,0,118000
1837,RL,9986,AllPub,1Fam,Somerst,8,2007,Gd,Ex,1795.0,Ex,1795,0,2.0,Gd,Typ,895.0,TA,0,147000
1838,RL,11855,AllPub,Duplex,SawyerW,7,2000,TA,Ex,1168.0,Ex,1168,1619,6.0,TA,Typ,820.0,TA,0,269500
1839,RL,10544,AllPub,1Fam,Mitchel,5,1969,TA,TA,864.0,TA,864,615,2.0,TA,Typ,275.0,TA,0,161000
1840,RL,10800,AllPub,1Fam,NWAmes,6,1997,TA,TA,1522.0,TA,1548,1066,2.0,TA,Typ,624.0,TA,0,240000
1841,RM,9000,AllPub,1Fam,OldTown,7,1988,TA,TA,650.0,Ex,832,650,1.0,TA,Typ,324.0,TA,0,143000
1842,RL,9101,AllPub,1Fam,Mitchel,5,1978,TA,Gd,1097.0,Ex,1110,0,2.0,Gd,Typ,602.0,TA,0,165500
1843,RM,10320,AllPub,1Fam,IDOTRR,5,1991,TA,Fa,451.0,TA,759,0,1.0,TA,Typ,576.0,TA,0,85000
1844,RL,11692,AllPub,1Fam,NoRidge,8,1994,Gd,Gd,1173.0,Ex,1215,1017,3.0,Gd,Typ,623.0,TA,0,263550
1845,RL,7128,AllPub,1Fam,Crawfor,7,1950,TA,TA,918.0,Gd,918,728,2.0,TA,Typ,240.0,TA,0,164000
1846,RL,8499,AllPub,1Fam,Gilbert,6,2007,TA,Gd,616.0,Ex,616,796,2.0,Gd,Typ,432.0,TA,0,156932
1847,RL,8450,AllPub,1Fam,Sawyer,5,1968,TA,TA,882.0,TA,909,0,1.0,TA,Typ,294.0,TA,0,116000
1848,RL,12090,AllPub,1Fam,NWAmes,6,2003,TA,Gd,585.0,Ex,1140,728,3.0,TA,Typ,477.0,TA,0,178000
1849,RL,7040,AllPub,Duplex,SawyerW,5,1979,TA,Gd,1094.0,TA,1229,0,2.0,Gd,Typ,672.0,TA,0,148325
1850,RM,9780,AllPub,1Fam,IDOTRR,7,2005,TA,TA,976.0,Ex,976,976,1.0,Gd,Typ,299.0,TA,0,212300
1851,RL,5825,AllPub,1Fam,BrkSide,4,1953,TA,Fa,600.0,Gd,747,0,1.0,TA,Typ,528.0,TA,0,79900
1852,RL,13618,AllPub,1Fam,Timber,8,2006,Gd,Ex,1728.0,Ex,1960,0,3.0,Gd,Typ,714.0,TA,0,320000
1853,FV,12853,AllPub,1Fam,Somerst,8,2010,Gd,Ex,1642.0,Ex,1418,0,2.0,Gd,Typ,852.0,TA,0,267916
1854,RL,6931,AllPub,2fmCon,Edwards,4,1955,TA,TA,784.0,TA,784,0,2.0,TA,Typ,0.0,,0,91900
1855,RL,10044,AllPub,1Fam,Edwards,5,1968,TA,Gd,1196.0,TA,1196,0,2.0,TA,Typ,336.0,TA,0,144000
1856,RL,11443,AllPub,1Fam,Timber,8,2006,Gd,Ex,1868.0,Ex,2028,0,3.0,Gd,Typ,880.0,TA,0,369900
1857,FV,10728,AllPub,1Fam,Somerst,8,2006,Gd,Gd,1095.0,Gd,1095,844,2.0,Gd,Typ,1053.0,TA,0,266000
1858,RM,9600,AllPub,1Fam,OldTown,7,2005,TA,TA,689.0,Ex,689,689,2.0,Gd,Typ,360.0,TA,0,161000
1859,RL,11207,AllPub,1Fam,Gilbert,6,1997,TA,Gd,802.0,Gd,802,709,3.0,TA,Typ,413.0,TA,0,185000
1860,RL,6627,AllPub,1Fam,BrkSide,3,1950,TA,,0.0,TA,720,0,1.0,TA,Typ,287.0,TA,0,72500
1861,RM,10337,AllPub,1Fam,OldTown,8,1999,Gd,TA,725.0,Ex,909,863,2.0,Gd,Typ,816.0,TA,0,184900
1862,RL,9600,AllPub,1Fam,NWAmes,8,1981,Gd,Gd,2524.0,TA,2524,0,3.0,Gd,Typ,542.0,TA,0,278000
1863,RL,9000,AllPub,1Fam,NAmes,6,1958,TA,Gd,160.0,Fa,1142,0,1.0,TA,Typ,384.0,TA,0,113500
1864,RL,10140,AllPub,1Fam,NWAmes,7,1999,Gd,Ex,1650.0,Ex,1680,0,3.0,Gd,Maj1,583.0,TA,0,213250
1865,RL,3635,AllPub,TwnhsE,Blmngtn,7,2007,Gd,Gd,1386.0,Ex,1569,0,2.0,Gd,Typ,660.0,TA,0,175900
1866,RL,7841,AllPub,TwnhsE,NridgHt,9,2005,Ex,Ex,1577.0,Ex,1577,0,3.0,Ex,Typ,564.0,TA,0,280000
1867,RL,12891,AllPub,1Fam,Gilbert,8,2002,Gd,Ex,870.0,Ex,878,1126,3.0,Gd,Typ,644.0,TA,0,257500
1868,RL,7230,AllPub,1Fam,Crawfor,7,1992,TA,TA,851.0,Gd,867,851,2.0,Gd,Typ,264.0,TA,0,238000
1869,RM,13710,AllPub,1Fam,IDOTRR,5,1950,TA,TA,910.0,TA,910,648,1.0,TA,Typ,282.0,TA,0,152000
1870,FV,2160,AllPub,Twnhs,Somerst,7,2000,Gd,Gd,600.0,Ex,624,628,3.0,Gd,Typ,462.0,TA,0,160000
1871,RL,7800,AllPub,1Fam,SawyerW,7,2005,Gd,Gd,891.0,Ex,891,795,2.0,Gd,Typ,462.0,TA,0,184000
1872,RL,10872,AllPub,1Fam,NridgHt,9,2006,Gd,Ex,1504.0,Ex,1531,0,3.0,Ex,Typ,700.0,TA,0,300000
1873,RL,8400,AllPub,1Fam,NAmes,5,1957,TA,TA,1314.0,TA,1314,0,2.0,TA,Typ,294.0,TA,0,145000
1874,RL,2179,AllPub,Twnhs,NPkVill,6,1976,TA,Gd,855.0,Gd,855,601,2.0,TA,Typ,460.0,TA,0,144000
1875,RL,10800,AllPub,Duplex,Edwards,5,1988,TA,Gd,1200.0,TA,1200,0,6.0,TA,Typ,0.0,,0,179000
1876,RL,8246,AllPub,1Fam,Sawyer,5,2001,TA,TA,1060.0,Ex,1060,0,2.0,Gd,Typ,270.0,TA,0,154000
1877,FV,9000,AllPub,1Fam,Somerst,8,2008,Gd,Gd,768.0,Ex,786,804,2.0,Gd,Typ,676.0,TA,0,210000
1878,RL,7488,AllPub,1Fam,CollgCr,7,2005,Gd,Gd,1208.0,Ex,1208,0,2.0,Gd,Typ,632.0,TA,0,183600
1879,RL,10237,AllPub,1Fam,Gilbert,6,2007,Gd,Gd,783.0,Ex,783,701,2.0,Gd,Typ,393.0,TA,0,178900
1880,RL,10800,AllPub,Duplex,Edwards,5,1988,TA,Gd,1200.0,TA,1200,0,6.0,TA,Typ,0.0,,0,179000
1881,I (all),21780,NoSewr,1Fam,IDOTRR,2,1950,Fa,,0.0,TA,810,0,1.0,TA,Min1,280.0,TA,0,57625
1882,RM,6240,AllPub,1Fam,BrkSide,5,1952,TA,TA,672.0,Ex,899,423,2.0,TA,Typ,280.0,TA,0,132000
1883,RL,9930,AllPub,1Fam,CollgCr,7,2002,Gd,Gd,826.0,Ex,878,884,2.0,Gd,Typ,591.0,TA,0,222000
1884,RL,8987,AllPub,1Fam,Somerst,8,2006,Gd,Gd,1595.0,Ex,1595,0,2.0,Gd,Typ,880.0,TA,0,221500
1885,RL,10420,AllPub,1Fam,Edwards,6,2009,TA,Gd,1212.0,Ex,1212,0,2.0,Gd,Typ,460.0,TA,0,186000
1886,RL,7446,AllPub,1Fam,BrkSide,4,1950,TA,TA,788.0,TA,788,0,1.0,TA,Typ,0.0,,0,100000
1887,FV,7180,AllPub,1Fam,Somerst,8,2002,Gd,Gd,1568.0,Ex,1568,0,2.0,Gd,Typ,564.0,TA,0,221000
1888,RL,11175,AllPub,1Fam,CollgCr,7,2007,Gd,Gd,1316.0,Ex,1316,0,2.0,Gd,Typ,440.0,TA,0,200141
1889,RM,4224,AllPub,TwnhsE,MeadowV,5,1976,TA,Gd,1142.0,TA,1142,0,2.0,TA,Typ,528.0,TA,0,134000
1890,RL,12883,AllPub,1Fam,NridgHt,8,2010,Gd,Gd,1544.0,Ex,1544,0,2.0,Gd,Typ,868.0,TA,0,290941
1891,RL,6858,AllPub,1Fam,SWISU,6,1950,TA,Gd,806.0,TA,841,806,2.0,Fa,Typ,216.0,TA,0,128000
1892,RM,4500,AllPub,Twnhs,Mitchel,6,1998,TA,Ex,1216.0,Ex,1216,0,3.0,TA,Typ,402.0,TA,0,164000
1893,RL,17082,AllPub,1Fam,ClearCr,6,1992,TA,Gd,1117.0,Ex,1117,864,3.0,Gd,Typ,522.0,TA,0,230000
1894,RL,18044,AllPub,1Fam,Crawfor,8,1986,Gd,Gd,279.0,Gd,2726,0,2.0,Gd,Typ,691.0,Gd,228,315000
1895,RL,10032,AllPub,1Fam,NAmes,6,1959,TA,TA,1244.0,Ex,1580,0,2.0,TA,Typ,440.0,TA,0,159500
1896,RL,11929,AllPub,1Fam,NoRidge,8,1995,Gd,Gd,1242.0,Ex,1251,1250,2.0,Gd,Typ,751.0,TA,0,290000
1897,RM,6911,AllPub,1Fam,BrkSide,5,1950,TA,TA,1145.0,TA,1301,0,1.0,Fa,Min1,440.0,TA,0,100000
1898,RL,11677,AllPub,1Fam,Sawyer,5,1966,TA,TA,1040.0,TA,1040,0,2.0,TA,Typ,264.0,TA,0,123000
1899,RL,12108,AllPub,Duplex,Edwards,4,1955,TA,TA,1440.0,TA,1440,0,2.0,Fa,Typ,0.0,,0,118000
1900,RL,14112,AllPub,1Fam,NAmes,5,1964,TA,TA,1152.0,TA,1152,0,2.0,TA,Typ,484.0,TA,0,180500
1901,RL,12615,AllPub,1Fam,Edwards,6,2001,TA,TA,1202.0,TA,2158,0,3.0,Gd,Typ,576.0,TA,0,243000
1902,RL,11645,AllPub,1Fam,CollgCr,7,2005,Gd,Gd,1734.0,Ex,1734,0,3.0,Gd,Typ,660.0,TA,0,260000
1903,RL,25419,AllPub,1Fam,NAmes,8,1990,Gd,TA,1360.0,Gd,1360,1360,3.0,Gd,Typ,795.0,TA,512,235000
1904,RL,5400,AllPub,1Fam,OldTown,4,1950,Fa,TA,840.0,Ex,840,534,1.0,TA,Typ,338.0,TA,0,105000
1905,RL,3242,AllPub,TwnhsE,NridgHt,7,2003,Gd,Gd,1405.0,Ex,1405,0,3.0,Gd,Typ,478.0,TA,0,200000
1906,RL,12867,AllPub,1Fam,NridgHt,8,2006,Gd,Ex,1209.0,Ex,1209,1044,2.0,Ex,Typ,575.0,TA,0,344133
1907,RL,9297,AllPub,Duplex,Mitchel,5,1976,TA,TA,1728.0,TA,1728,0,4.0,TA,Typ,560.0,TA,0,188000
1908,RH,7200,AllPub,Duplex,SWISU,4,1967,TA,,0.0,TA,862,1788,3.0,TA,Min2,0.0,,0,160000
1909,RL,15578,AllPub,1Fam,Gilbert,6,2006,Gd,Gd,728.0,Gd,728,728,2.0,TA,Typ,429.0,TA,0,172785
1910,RL,13031,AllPub,1Fam,Gilbert,6,1996,TA,Gd,691.0,Gd,691,807,2.0,TA,Typ,409.0,TA,0,187500
1911,RL,9650,AllPub,1Fam,NWAmes,6,1977,TA,Gd,1350.0,TA,1334,0,2.0,TA,Typ,630.0,TA,0,167900
1912,RL,9842,AllPub,Duplex,NAmes,4,1962,TA,,0.0,TA,1224,0,2.0,TA,Typ,462.0,TA,0,101800
1913,RL,9790,AllPub,1Fam,NWAmes,6,1963,TA,TA,1328.0,TA,1328,0,2.0,TA,Typ,528.0,TA,0,143000
1914,RL,8755,AllPub,1Fam,Gilbert,7,1999,Gd,Gd,992.0,Ex,1022,1038,3.0,Gd,Typ,390.0,TA,0,214000
1915,RL,16779,AllPub,1Fam,Sawyer,5,1996,TA,Gd,671.0,Fa,1567,1087,3.0,TA,Mod,638.0,TA,0,158000
1916,FV,12606,AllPub,1Fam,Somerst,9,2008,Gd,Gd,1530.0,Ex,1530,0,2.0,Gd,Typ,984.0,TA,0,250000
1917,RL,10778,AllPub,1Fam,SawyerW,7,1991,Gd,Gd,1054.0,Gd,1061,0,2.0,Gd,Typ,462.0,TA,0,162000
1918,C (all),6060,AllPub,1Fam,IDOTRR,5,2007,Gd,TA,837.0,Ex,1001,0,1.0,Gd,Typ,216.0,TA,0,124900
1919,RM,4750,AllPub,TwnhsE,Crawfor,8,2007,Gd,Gd,1573.0,Ex,1625,0,3.0,Gd,Typ,538.0,TA,0,235000
1920,RL,11235,AllPub,1Fam,Sawyer,5,1980,TA,Gd,1420.0,Gd,1452,0,2.0,TA,Min2,572.0,TA,0,158450
1921,RL,12692,AllPub,1Fam,NoRidge,8,1993,Gd,Gd,3200.0,Ex,3228,0,4.0,Gd,Typ,546.0,TA,0,430000
1922,RL,4928,AllPub,TwnhsE,NPkVill,6,1976,TA,Gd,958.0,TA,958,0,2.0,TA,Typ,440.0,TA,0,143750
1923,RL,10665,AllPub,1Fam,CollgCr,7,2003,Gd,Gd,1453.0,Ex,1479,0,3.0,Gd,Typ,558.0,TA,0,226000
1924,RL,10400,AllPub,1Fam,NAmes,4,1956,TA,TA,1200.0,TA,1200,0,2.0,TA,Typ,294.0,TA,0,144000
1925,RL,7420,AllPub,1Fam,Sawyer,5,1962,TA,TA,1057.0,TA,1057,0,1.0,TA,Typ,576.0,TA,0,132000
1926,RL,12474,AllPub,1Fam,NridgHt,10,2008,Ex,Ex,1682.0,Ex,1742,590,3.0,Ex,Typ,846.0,TA,0,426000
1927,RL,11643,AllPub,1Fam,NridgHt,8,2006,Gd,Ex,1524.0,Ex,1544,814,3.0,Ex,Typ,784.0,TA,0,329900
1928,RL,7162,AllPub,1Fam,Sawyer,5,1966,TA,TA,876.0,TA,904,0,1.0,TA,Typ,408.0,TA,0,109900
1929,RL,9360,AllPub,1Fam,NAmes,6,2004,TA,TA,976.0,TA,976,0,2.0,Gd,Typ,504.0,TA,0,157500
1930,RM,8100,AllPub,1Fam,OldTown,5,1973,TA,TA,1559.0,Gd,1559,0,2.0,TA,Min2,812.0,TA,0,153500
1931,RL,7000,AllPub,2fmCon,Edwards,5,1991,TA,Gd,1117.0,TA,820,527,2.0,TA,Typ,0.0,,0,107500
1932,RL,15426,AllPub,1Fam,CollgCr,6,1997,TA,Gd,928.0,Ex,928,836,3.0,Gd,Typ,470.0,TA,0,231500
1933,RL,7793,AllPub,1Fam,BrkSide,7,2005,TA,Gd,1108.0,TA,1160,908,1.0,Gd,Typ,315.0,TA,0,209500
1934,RL,7175,AllPub,TwnhsE,SawyerW,6,1984,TA,Gd,744.0,TA,752,0,2.0,TA,Typ,264.0,TA,0,125000
1935,RL,11354,AllPub,1Fam,CollgCr,7,2000,Gd,TA,1673.0,Ex,1673,0,3.0,Gd,Typ,583.0,TA,0,270000
1936,RL,15038,AllPub,1Fam,Gilbert,6,1996,TA,Gd,916.0,Gd,916,720,2.0,TA,Typ,386.0,TA,0,173000
1937,RL,10721,AllPub,1Fam,NAmes,6,1959,Gd,TA,1252.0,Ex,1252,0,1.0,Gd,Typ,528.0,TA,0,142000
1938,RL,8935,AllPub,1Fam,CollgCr,7,2002,Gd,Gd,831.0,Ex,831,829,2.0,Gd,Typ,493.0,TA,0,195000
1939,RL,15600,AllPub,1Fam,Crawfor,5,2005,TA,TA,1067.0,Fa,986,537,3.0,Fa,Maj2,295.0,TA,0,158000
1940,RM,6240,AllPub,1Fam,BrkSide,5,1950,TA,TA,1042.0,Ex,1042,534,1.0,TA,Typ,225.0,TA,0,149000
1941,RL,11235,AllPub,1Fam,Sawyer,4,1979,TA,TA,1051.0,Gd,1382,0,1.0,TA,Typ,459.0,TA,0,148000
1942,RM,4224,AllPub,TwnhsE,MeadowV,5,1975,TA,Gd,1040.0,Gd,1040,0,1.0,TA,Typ,499.0,TA,0,124000
1943,RL,12712,AllPub,1Fam,Sawyer,6,2006,TA,Gd,1044.0,TA,1055,0,2.0,Gd,Typ,542.0,TA,0,147000
1944,RL,10482,AllPub,1Fam,NAmes,6,1958,TA,TA,588.0,Ex,1138,0,1.0,TA,Typ,264.0,TA,0,145000
1945,RL,6420,AllPub,1Fam,Edwards,5,1952,TA,Ex,980.0,Fa,1148,0,1.0,TA,Typ,308.0,TA,0,123500
1946,RL,11764,AllPub,1Fam,NoRidge,8,2007,Gd,Gd,1152.0,Ex,1164,1106,2.0,Gd,Typ,671.0,TA,0,290000
1947,RL,20270,AllPub,1Fam,ClearCr,7,1979,TA,Gd,1524.0,TA,1524,0,3.0,TA,Typ,478.0,TA,0,245000
1948,RL,10200,AllPub,1Fam,Sawyer,5,1997,TA,TA,672.0,Ex,672,0,1.0,TA,Typ,240.0,TA,0,108000
1949,RM,5400,AllPub,1Fam,OldTown,7,2006,Gd,TA,931.0,TA,1027,0,1.0,Gd,Typ,0.0,,0,120000
1950,RL,9045,AllPub,1Fam,CollgCr,5,2005,Gd,Gd,768.0,Ex,768,768,2.0,Gd,Typ,400.0,TA,0,167000
1951,RM,6240,AllPub,1Fam,BrkSide,4,1950,TA,,0.0,Gd,672,240,1.0,TA,Typ,0.0,,0,80500
1952,RL,9786,AllPub,1Fam,NAmes,6,1981,TA,TA,912.0,TA,1085,649,1.0,Gd,Typ,440.0,TA,0,159000
1953,RM,9600,AllPub,1Fam,OldTown,5,1994,TA,TA,702.0,Gd,842,630,1.0,Gd,Typ,250.0,TA,0,125000
1954,RM,6120,AllPub,1Fam,BrkSide,5,1984,TA,TA,741.0,Gd,741,583,1.0,Gd,Typ,180.0,Fa,0,110000
1955,RL,11717,AllPub,1Fam,NWAmes,6,1970,TA,TA,1442.0,TA,1442,0,2.0,TA,Typ,615.0,TA,0,185000
1956,RL,21384,AllPub,1Fam,BrkSide,5,2004,TA,TA,1324.0,Ex,1072,504,3.0,Gd,Typ,528.0,TA,0,223500
1957,RL,10011,AllPub,1Fam,NAmes,5,1996,TA,TA,1070.0,TA,1236,0,1.0,Gd,Min1,447.0,TA,0,134450
1958,RL,10800,AllPub,2fmCon,OldTown,5,1970,TA,TA,954.0,TA,1766,648,2.0,TA,Mod,520.0,TA,0,160000
1959,RL,9216,AllPub,1Fam,CollgCr,5,1975,TA,TA,1076.0,TA,1076,0,1.0,TA,Typ,576.0,TA,0,143195
1960,FV,8640,AllPub,1Fam,Somerst,8,2009,Gd,Gd,1300.0,Ex,1314,0,3.0,Gd,Typ,552.0,TA,0,229456
1961,RL,15263,AllPub,1Fam,ClearCr,5,1959,TA,Gd,1422.0,Gd,1675,0,2.0,TA,Typ,365.0,TA,0,173000
1962,RL,5500,AllPub,1Fam,OldTown,4,1956,TA,TA,882.0,Ex,882,0,1.0,TA,Typ,0.0,,0,103200
1963,RL,9660,AllPub,1Fam,NoRidge,8,1998,Gd,Gd,1044.0,Ex,1079,897,3.0,Gd,Typ,885.0,TA,0,286000
1964,RL,10007,AllPub,1Fam,NAmes,5,2006,Gd,TA,1053.0,Ex,1053,0,2.0,Gd,Typ,312.0,TA,0,145500
1965,RL,8760,AllPub,1Fam,NAmes,6,1959,TA,TA,1194.0,TA,1194,0,2.0,TA,Typ,312.0,TA,0,148000
1966,RL,6821,AllPub,1Fam,Crawfor,6,2005,TA,TA,651.0,Gd,759,539,2.0,TA,Typ,240.0,TA,0,146500
1967,RL,11765,AllPub,1Fam,NAmes,5,1957,TA,TA,1617.0,Fa,1797,0,1.0,TA,Typ,963.0,TA,0,169000
1968,RL,12320,AllPub,1Fam,Crawfor,7,1990,TA,TA,637.0,Ex,959,650,1.0,Gd,Typ,579.0,TA,0,199500
1969,RL,16269,AllPub,1Fam,CollgCr,5,1978,TA,Gd,907.0,TA,907,0,1.0,TA,Typ,343.0,TA,0,140000
1970,RM,5520,AllPub,1Fam,BrkSide,5,1997,TA,TA,565.0,TA,565,651,2.0,TA,Typ,355.0,Fa,0,115000
1971,RL,5395,AllPub,TwnhsE,StoneBr,8,1993,Gd,Gd,1337.0,Gd,1337,0,3.0,Gd,Typ,462.0,TA,0,180000
1972,RL,11409,AllPub,1Fam,Edwards,5,2008,TA,TA,768.0,Gd,1148,568,1.0,TA,Min2,281.0,TA,0,131000
1973,RL,8064,AllPub,1Fam,NAmes,6,1950,TA,TA,795.0,Gd,765,368,1.0,TA,Typ,900.0,TA,0,128500
1974,RL,17542,AllPub,1Fam,Veenker,7,2003,Gd,TA,1192.0,TA,1516,651,3.0,Gd,Typ,518.0,TA,0,294000
1975,RM,6291,AllPub,1Fam,IDOTRR,6,1950,Gd,TA,768.0,TA,768,0,1.0,TA,Typ,440.0,TA,0,93850
1976,RL,12438,AllPub,1Fam,CollgCr,6,1995,Gd,Gd,781.0,Ex,795,704,2.0,Gd,Typ,473.0,TA,0,187000
1977,RL,10914,AllPub,1Fam,NAmes,3,1950,TA,TA,715.0,Fa,715,0,1.0,TA,Typ,660.0,Fa,0,68000
1978,RL,8400,AllPub,1Fam,SWISU,6,1950,TA,TA,1181.0,Fa,1390,304,2.0,TA,Typ,576.0,TA,0,136500
1979,RL,7514,AllPub,1Fam,NAmes,5,1975,TA,TA,943.0,TA,1387,0,2.0,TA,Typ,300.0,TA,0,145000
1980,RM,6120,AllPub,1Fam,BrkSide,5,1999,TA,TA,960.0,Gd,995,0,1.0,TA,Typ,264.0,TA,0,115000
1981,RL,10650,AllPub,1Fam,CollgCr,5,1976,TA,TA,894.0,TA,894,0,2.0,TA,Typ,308.0,TA,0,128200
1982,RL,21281,AllPub,1Fam,NAmes,5,2007,TA,TA,666.0,Gd,1308,1778,3.0,Gd,Min1,1200.0,TA,0,301600
1983,RL,8637,AllPub,1Fam,Gilbert,6,2000,TA,Gd,923.0,Gd,947,767,3.0,TA,Typ,451.0,TA,0,180000
1984,RL,13300,AllPub,1Fam,NAmes,5,2001,TA,TA,1015.0,Gd,1384,0,2.0,TA,Min1,896.0,TA,0,159000
1985,RM,6600,AllPub,1Fam,OldTown,5,1965,TA,TA,994.0,TA,1378,994,2.0,TA,Min2,432.0,TA,0,107500
1986,RL,7315,AllPub,1Fam,NAmes,5,1958,TA,TA,1170.0,TA,1170,0,1.0,TA,Typ,338.0,TA,0,140000
1987,RL,9892,AllPub,1Fam,Mitchel,8,1995,Gd,Gd,1679.0,Ex,1803,0,3.0,Gd,Typ,482.0,TA,0,285000
1988,RL,11210,AllPub,1Fam,CollgCr,7,2006,Gd,Gd,1614.0,Ex,1614,0,2.0,Gd,Typ,865.0,TA,0,221500
1989,C (all),6565,AllPub,1Fam,IDOTRR,4,1980,TA,TA,1073.0,Gd,1073,0,2.0,TA,Typ,720.0,TA,0,140000
1990,RL,8775,AllPub,1Fam,CollgCr,5,1994,TA,Gd,990.0,Gd,990,0,1.0,TA,Typ,299.0,TA,0,126000
1991,RM,5790,AllPub,1Fam,OldTown,3,1950,Gd,Fa,840.0,Gd,840,765,2.0,TA,Typ,379.0,TA,0,107400
1992,FV,2651,AllPub,Twnhs,Somerst,7,2000,Gd,Gd,673.0,Ex,673,709,3.0,Gd,Typ,490.0,TA,0,165000
1993,RL,9531,AllPub,1Fam,CollgCr,6,1998,TA,Gd,794.0,Ex,882,914,3.0,TA,Typ,546.0,TA,0,211000
1994,RL,11700,AllPub,1Fam,NWAmes,6,1968,Gd,TA,702.0,Gd,1041,702,1.0,TA,Typ,539.0,TA,0,175000
1995,RM,6300,AllPub,1Fam,OldTown,7,2005,TA,TA,1226.0,Ex,1226,878,2.0,TA,Typ,432.0,Fa,0,155000
1996,RL,6240,AllPub,TwnhsE,NridgHt,8,2006,Gd,Gd,1324.0,Ex,1324,0,3.0,Gd,Typ,550.0,TA,0,254000
1997,RL,9545,AllPub,1Fam,NoRidge,8,2000,Gd,Gd,1160.0,Ex,1205,1029,3.0,Gd,Typ,768.0,TA,0,300000
1998,RL,7500,AllPub,1Fam,Gilbert,7,1999,TA,TA,994.0,Gd,1028,776,2.0,Gd,Typ,442.0,TA,0,189000
1999,RL,9375,AllPub,1Fam,CollgCr,7,1997,Gd,Gd,1040.0,Ex,1044,1054,2.0,Gd,Typ,621.0,TA,0,240000
2000,RL,11645,AllPub,1Fam,CollgCr,8,2006,Gd,Ex,1570.0,Ex,1590,0,3.0,Ex,Typ,754.0,TA,0,294900
2001,RL,7007,AllPub,Duplex,SawyerW,5,1979,TA,,0.0,TA,1513,0,2.0,TA,Typ,400.0,TA,0,113722
2002,RL,10950,AllPub,1Fam,NAmes,6,1952,TA,TA,948.0,TA,948,0,1.0,TA,Typ,410.0,TA,0,125000
2003,RM,9600,AllPub,1Fam,OldTown,6,2004,TA,TA,780.0,Ex,940,476,1.0,Gd,Typ,400.0,TA,0,156500
2004,FV,2117,AllPub,Twnhs,Somerst,6,2000,Gd,Gd,756.0,Ex,769,804,2.0,Gd,Typ,440.0,TA,0,177000
2005,FV,8004,AllPub,1Fam,Somerst,8,2009,Gd,Gd,832.0,Ex,832,1103,3.0,TA,Typ,552.0,TA,0,263435
2006,RL,7038,AllPub,1Fam,NAmes,4,1970,TA,TA,864.0,TA,864,0,2.0,TA,Typ,576.0,TA,0,76500
2007,RL,5362,AllPub,1Fam,Crawfor,5,2003,TA,TA,661.0,Ex,661,589,2.0,TA,Typ,552.0,TA,0,139000
2008,RL,13072,AllPub,1Fam,SawyerW,6,2004,TA,Gd,1158.0,Ex,1158,0,2.0,Gd,Typ,576.0,TA,0,158000
2009,RL,5950,AllPub,TwnhsE,StoneBr,8,1989,Gd,Gd,1337.0,Gd,1337,0,3.0,Gd,Typ,462.0,TA,0,188500
2010,RL,9950,AllPub,1Fam,NoRidge,7,1995,Gd,Gd,1203.0,Ex,1214,1306,2.0,Gd,Typ,721.0,TA,0,290000
2011,RL,7890,AllPub,1Fam,SWISU,6,1950,TA,TA,856.0,TA,856,0,2.0,TA,Typ,399.0,TA,0,126000
2012,RL,10429,AllPub,1Fam,Mitchel,5,1992,TA,Gd,624.0,TA,624,663,1.0,TA,Typ,440.0,TA,0,130000
2013,RL,10496,AllPub,1Fam,NAmes,6,1950,TA,TA,1040.0,Ex,1168,678,2.0,TA,Typ,315.0,TA,0,143000
2014,RL,13543,AllPub,1Fam,StoneBr,8,2005,Gd,Ex,1168.0,Ex,1168,1332,3.0,Ex,Typ,683.0,TA,0,355000
2015,RM,5925,AllPub,1Fam,OldTown,3,1950,TA,TA,600.0,Fa,600,368,1.0,TA,Typ,0.0,,0,37900
2016,C (all),5150,AllPub,1Fam,IDOTRR,4,2000,TA,Po,356.0,TA,671,378,1.0,TA,Typ,195.0,Po,0,80900
2017,RL,9600,AllPub,1Fam,NWAmes,7,1969,TA,TA,1164.0,TA,1164,0,1.0,TA,Typ,528.0,TA,0,140000
2018,RM,5000,AllPub,1Fam,IDOTRR,5,1950,TA,TA,720.0,Po,803,0,1.0,TA,Typ,360.0,TA,0,87000
2019,RL,13615,AllPub,1Fam,NridgHt,9,2006,Ex,Ex,1802.0,Ex,1802,0,2.0,Ex,Typ,843.0,TA,0,372000
2020,RH,9800,AllPub,1Fam,SawyerW,5,1950,TA,TA,816.0,TA,1012,0,1.0,TA,Typ,429.0,TA,0,67500
2021,RL,7500,AllPub,1Fam,NAmes,5,1994,TA,TA,1246.0,Ex,1246,0,2.0,Gd,Typ,305.0,TA,0,154000
2022,RL,53504,AllPub,1Fam,StoneBr,8,2003,Ex,Gd,1650.0,Ex,1690,1589,4.0,Ex,Mod,841.0,TA,0,538000
2023,RL,10784,AllPub,1Fam,Gilbert,7,1992,Gd,Gd,384.0,Gd,802,670,2.0,Gd,Typ,402.0,TA,0,160000
2024,RL,9825,AllPub,Duplex,Edwards,5,1965,TA,,0.0,TA,1664,0,2.0,TA,Typ,0.0,,0,100000
2025,RL,11512,AllPub,1Fam,Edwards,6,2006,TA,TA,1019.0,Gd,1357,0,2.0,Ex,Typ,312.0,TA,0,177000
2026,RL,12342,AllPub,1Fam,NAmes,5,1978,TA,TA,978.0,TA,1422,0,1.0,TA,Min1,286.0,TA,0,139900
2027,RL,18600,AllPub,1Fam,Edwards,3,1990,TA,TA,972.0,TA,1052,558,2.0,Fa,Typ,480.0,TA,0,124000
2028,RH,8900,AllPub,1Fam,SawyerW,4,1966,TA,TA,1056.0,TA,1056,0,2.0,TA,Typ,384.0,TA,0,107000
2029,RL,10500,AllPub,1Fam,NAmes,4,1971,TA,TA,864.0,Gd,864,0,1.0,TA,Typ,576.0,TA,0,97000
2030,RL,7500,AllPub,1Fam,NAmes,5,2003,TA,TA,1040.0,Ex,1040,0,2.0,Gd,Typ,286.0,TA,0,152000
2031,RL,9400,AllPub,Duplex,Edwards,6,1975,TA,Gd,945.0,TA,980,0,2.0,TA,Typ,0.0,,0,127500
2032,RL,13214,AllPub,1Fam,Timber,9,2009,Ex,Ex,2002.0,Ex,2018,0,2.0,Ex,Typ,746.0,TA,0,378500
2033,RL,7838,AllPub,1Fam,NAmes,5,1967,TA,TA,864.0,TA,900,0,2.0,TA,Typ,288.0,TA,0,123000
2034,RL,10672,AllPub,1Fam,NridgHt,8,2006,Gd,Ex,1054.0,Gd,1054,1335,2.0,Gd,Typ,672.0,TA,0,298236
2035,RL,2308,AllPub,TwnhsE,NPkVill,6,1976,TA,Gd,804.0,TA,804,744,2.0,TA,Typ,440.0,TA,0,146000
2036,RL,11520,AllPub,1Fam,NridgHt,9,2005,Gd,Ex,1698.0,Ex,1698,0,2.0,Ex,Typ,730.0,TA,0,275000
2037,RM,6000,AllPub,1Fam,OldTown,5,1970,TA,TA,768.0,TA,768,560,1.0,TA,Typ,308.0,TA,0,129500
2038,RM,3811,AllPub,TwnhsE,Crawfor,8,2005,Gd,Ex,1594.0,Ex,1646,0,3.0,Gd,Typ,525.0,TA,0,246000
2039,RL,9600,AllPub,1Fam,Veenker,6,1994,Gd,TA,528.0,Ex,1094,761,2.0,TA,Typ,512.0,TA,0,187000
2040,RL,11025,AllPub,1Fam,NoRidge,9,1994,Gd,Gd,1848.0,Ex,1827,959,3.0,Gd,Typ,636.0,TA,0,372500
2041,RL,20431,AllPub,1Fam,NridgHt,9,2006,Ex,Ex,1848.0,Ex,1848,880,3.0,Ex,Typ,706.0,TA,0,437154
2042,RM,8472,AllPub,Duplex,IDOTRR,5,1963,Fa,Gd,816.0,TA,816,0,2.0,TA,Typ,516.0,TA,0,110000
2043,RM,6000,AllPub,1Fam,IDOTRR,5,1967,Fa,Gd,624.0,Ex,1092,564,1.0,TA,Mod,288.0,TA,0,126000
2044,RL,7424,AllPub,Duplex,Sawyer,5,1978,TA,Gd,1319.0,TA,1373,0,2.0,TA,Typ,591.0,TA,0,160250
2045,RL,11778,AllPub,1Fam,CollgCr,9,2008,Gd,Gd,2271.0,Ex,2276,0,3.0,Ex,Typ,1348.0,Gd,0,475000
2046,RM,10800,AllPub,1Fam,OldTown,5,1950,TA,Fa,686.0,TA,966,686,3.0,TA,Typ,416.0,TA,0,139000
2047,RH,12155,AllPub,1Fam,SWISU,6,1950,TA,TA,672.0,TA,810,672,2.0,Fa,Typ,400.0,TA,0,140000
2048,RL,14463,AllPub,1Fam,Timber,9,2008,Ex,Ex,1641.0,Ex,1641,0,3.0,Ex,Typ,885.0,TA,0,316500
2049,RL,7200,AllPub,1Fam,NAmes,5,1954,TA,TA,825.0,TA,825,0,1.0,TA,Typ,350.0,TA,0,109500
2050,RL,32463,AllPub,2fmCon,Mitchel,4,1975,TA,TA,1249.0,Ex,1622,0,2.0,TA,Typ,1356.0,TA,0,168000
